Sat Jun  6 12:30:54 UTC 2026
$PROBLEM    THEOPHYLLINE POPULATION DATA
$INPUT      ID DOSE=AMT TIME CP=DV WT
$DATA      THEOPP.dat
$SUBROUTINE ADVAN2
$PK   CALLFL=1

;THETA(1)=MEAN ABSORPTION RATE CONSTANT (1/HR)
;THETA(2)=MEAN ELIMINATION RATE CONSTANT (1/HR)
;THETA(3)=SLOPE OF CLEARANCE VS WEIGHT RELATIONSHIP (LITERS/HR/KG)
;SCALING PARAMETER=VOLUME/WT SINCE DOSE IS WEIGHT-ADJUSTED
   KA=THETA(1)+ETA(1)
   K=THETA(2)+ETA(2)
   CL=THETA(3)*WT+ETA(3)
   SC=CL/K/WT

$THETA  (.1,3,5)
 (.008,.08,.5)
 (.004,.04,.9)
$OMEGA  BLOCK(3)
 6
 .005 .0002
 .3 .006 .4
$ERROR
   Y=F+EPS(1)

$SIGMA  .4
$ESTIMATION MAXEVAL=450 PRINT=5
$COVARIANCE
$TABLE      ID DOSE WT TIME
$SCATTER    (RES WRES) VS TIME BY ID


NM-TRAN MESSAGES
  
 WARNINGS AND ERRORS (IF ANY) FOR PROBLEM    1
             
 (WARNING  2) NM-TRAN INFERS THAT THE DATA ARE POPULATION.
             
 (WARNING  43) THE $PK BLOCK REQUESTS "CALL ONCE PER INDIVIDUAL RECORD", BUT
 DATA ITEMS ARE USED IN THE $PK BLOCK. VALUES OF THESE DATA ITEMS
 SUBSEQUENT TO THOSE FROM THE FIRST EVENT RECORD WILL BE IGNORED.  IF THIS
 IS NOT APPROPRIATE, THE CALL DATA ITEM CAN BE USED TO OBTAIN ADDITIONAL
 CALLS, OR $PK'S CALLING PROTOCOL SHOULD BE CHANGED.

License Registered to: Tongtong (with RADAR5NM)
Expiration Date:     4 JUN 2027
Current Date:        6 JUN 2026
Days until program expires : 363
1NONLINEAR MIXED EFFECTS MODEL PROGRAM (NONMEM) VERSION 7.5.0
 ORIGINALLY DEVELOPED BY STUART BEAL, LEWIS SHEINER, AND ALISON BOECKMANN
 CURRENT DEVELOPERS ARE ROBERT BAUER, ICON DEVELOPMENT SOLUTIONS,
 AND ALISON BOECKMANN. IMPLEMENTATION, EFFICIENCY, AND STANDARDIZATION
 PERFORMED BY NOUS INFOSYSTEMS.

 PROBLEM NO.:         1
 THEOPHYLLINE POPULATION DATA
0DATA CHECKOUT RUN:              NO
 DATA SET LOCATED ON UNIT NO.:    2
 THIS UNIT TO BE REWOUND:        NO
 NO. OF DATA RECS IN DATA SET:      144
 NO. OF DATA ITEMS IN DATA SET:   7
 ID DATA ITEM IS DATA ITEM NO.:   1
 DEP VARIABLE IS DATA ITEM NO.:   4
 MDV DATA ITEM IS DATA ITEM NO.:  7
0INDICES PASSED TO SUBROUTINE PRED:
   6   3   2   0   0   0   0   0   0   0   0
0LABELS FOR DATA ITEMS:
 ID DOSE TIME CP WT EVID MDV
0FORMAT FOR DATA:
 (5E6.0,2F2.0)

 TOT. NO. OF OBS RECS:      132
 TOT. NO. OF INDIVIDUALS:       12
0LENGTH OF THETA:   3
0DEFAULT THETA BOUNDARY TEST OMITTED:    NO
0OMEGA HAS BLOCK FORM:
  1
  1  1
  1  1  1
0DEFAULT OMEGA BOUNDARY TEST OMITTED:    NO
0SIGMA HAS SIMPLE DIAGONAL FORM WITH DIMENSION:   1
0DEFAULT SIGMA BOUNDARY TEST OMITTED:    NO
0INITIAL ESTIMATE OF THETA:
 LOWER BOUND    INITIAL EST    UPPER BOUND
  0.1000E+00     0.3000E+01     0.5000E+01
  0.8000E-02     0.8000E-01     0.5000E+00
  0.4000E-02     0.4000E-01     0.9000E+00
0INITIAL ESTIMATE OF OMEGA:
 BLOCK SET NO.   BLOCK                                                                    FIXED
        1                                                                                   NO
                  0.6000E+01
                  0.5000E-02   0.2000E-03
                  0.3000E+00   0.6000E-02   0.4000E+00
0INITIAL ESTIMATE OF SIGMA:
 0.4000E+00
0COVARIANCE STEP OMITTED:        NO
 EIGENVLS. PRINTED:              NO
 SPECIAL COMPUTATION:            NO
 COMPRESSED FORMAT:              NO
 GRADIENT METHOD USED:     NOSLOW
 SIGDIGITS ETAHAT (SIGLO):                  -1
 SIGDIGITS GRADIENTS (SIGL):                -1
 EXCLUDE COV FOR FOCE (NOFCOV):              NO
 Cholesky Transposition of R Matrix (CHOLROFF):0
 KNUTHSUMOFF:                                -1
 RESUME COV ANALYSIS (RESUME):               NO
 SIR SAMPLE SIZE (SIRSAMPLE):
 NON-LINEARLY TRANSFORM THETAS DURING COV (THBND): 1
 PRECONDTIONING CYCLES (PRECOND):        0
 PRECONDTIONING TYPES (PRECONDS):        TOS
 FORCED PRECONDTIONING CYCLES (PFCOND):0
 PRECONDTIONING TYPE (PRETYPE):        0
 FORCED POS. DEFINITE SETTING DURING PRECONDITIONING: (FPOSDEF):0
 SIMPLE POS. DEFINITE SETTING: (POSDEF):-1
0TABLES STEP OMITTED:    NO
 NO. OF TABLES:           1
 SEED NUMBER (SEED):    11456
 RANMETHOD:             3U
 MC SAMPLES (ESAMPLE):    300
 WRES SQUARE ROOT TYPE (WRESCHOL): EIGENVALUE
0-- TABLE   1 --
0RECORDS ONLY:    ALL
04 COLUMNS APPENDED:    YES
 PRINTED:               YES
 FORMAT:                S1PE11.4
 IDFORMAT:
 LFORMAT:
 RFORMAT:
 FIXED_EFFECT_ETAS:
0USER-CHOSEN ITEMS:
 ID DOSE WT TIME
0SCATTERPLOT STEP OMITTED:    NO
 FAMILIES OF SCATTERPLOTS:     2
0-- SCATTERPLOT   1 --
 UNIT SLOPE LINE:             NO
0ITEMS TO BE SCATTERED:    TIME    RES
     FOR FIXED VALUES OF ITEMS:    ID
0-- SCATTERPLOT   2 --
 UNIT SLOPE LINE:             NO
0ITEMS TO BE SCATTERED:    TIME    WRES
     FOR FIXED VALUES OF ITEMS:    ID
1DOUBLE PRECISION PREDPP VERSION 7.5.0

 ONE COMPARTMENT MODEL WITH FIRST-ORDER ABSORPTION (ADVAN2)
0MAXIMUM NO. OF BASIC PK PARAMETERS:   3
0BASIC PK PARAMETERS (AFTER TRANSLATION):
   ELIMINATION RATE (K) IS BASIC PK PARAMETER NO.:  1
   ABSORPTION RATE (KA) IS BASIC PK PARAMETER NO.:  3

0COMPARTMENT ATTRIBUTES
 COMPT. NO.   FUNCTION   INITIAL    ON/OFF      DOSE      DEFAULT    DEFAULT
                         STATUS     ALLOWED    ALLOWED    FOR DOSE   FOR OBS.
    1         DEPOT        OFF        YES        YES        YES        NO
    2         CENTRAL      ON         NO         YES        NO         YES
    3         OUTPUT       OFF        YES        NO         NO         NO
1
 ADDITIONAL PK PARAMETERS - ASSIGNMENT OF ROWS IN GG
 COMPT. NO.                             INDICES
              SCALE      BIOAVAIL.   ZERO-ORDER  ZERO-ORDER  ABSORB
                         FRACTION    RATE        DURATION    LAG
    1            *           *           *           *           *
    2            4           *           *           *           *
    3            *           -           -           -           -
             - PARAMETER IS NOT ALLOWED FOR THIS MODEL
             * PARAMETER IS NOT SUPPLIED BY PK SUBROUTINE;
               WILL DEFAULT TO ONE IF APPLICABLE
0DATA ITEM INDICES USED BY PRED ARE:
   EVENT ID DATA ITEM IS DATA ITEM NO.:      6
   TIME DATA ITEM IS DATA ITEM NO.:          3
   DOSE AMOUNT DATA ITEM IS DATA ITEM NO.:   2

0PK SUBROUTINE CALLED ONCE PER INDIVIDUAL RECORD.
 PK SUBROUTINE NOT CALLED AT NONEVENT (ADDITIONAL OR LAGGED) DOSE TIMES.
0DURING SIMULATION, ERROR SUBROUTINE CALLED WITH EVERY EVENT RECORD.
 OTHERWISE, ERROR SUBROUTINE CALLED ONCE IN THIS PROBLEM.
1


 #TBLN:      1
 #METH: First Order

 ESTIMATION STEP OMITTED:                 NO
 ANALYSIS TYPE:                           POPULATION
 NUMBER OF SADDLE POINT RESET ITERATIONS:      0
 GRADIENT METHOD USED:               NOSLOW
 EPS-ETA INTERACTION:                     NO
 NO. OF FUNCT. EVALS. ALLOWED:            450
 NO. OF SIG. FIGURES REQUIRED:            3
 INTERMEDIATE PRINTOUT:                   YES
 ESTIMATE OUTPUT TO MSF:                  NO
 IND. OBJ. FUNC. VALUES SORTED:           NO
 NUMERICAL DERIVATIVE
       FILE REQUEST (NUMDER):               NONE
 MAP (ETAHAT) ESTIMATION METHOD (OPTMAP):   0
 ETA HESSIAN EVALUATION METHOD (ETADER):    0
 INITIAL ETA FOR MAP ESTIMATION (MCETA):    0
 SIGDIGITS FOR MAP ESTIMATION (SIGLO):      100
 GRADIENT SIGDIGITS OF
       FIXED EFFECTS PARAMETERS (SIGL):     100
 NOPRIOR SETTING (NOPRIOR):                 0
 NOCOV SETTING (NOCOV):                     OFF
 DERCONT SETTING (DERCONT):                 OFF
 FINAL ETA RE-EVALUATION (FNLETA):          1
 EXCLUDE NON-INFLUENTIAL (NON-INFL.) ETAS
       IN SHRINKAGE (ETASTYPE):             NO
 NON-INFL. ETA CORRECTION (NONINFETA):      0
 RAW OUTPUT FILE (FILE): psn.ext
 EXCLUDE TITLE (NOTITLE):                   NO
 EXCLUDE COLUMN LABELS (NOLABEL):           NO
 FORMAT FOR ADDITIONAL FILES (FORMAT):      S1PE12.5
 PARAMETER ORDER FOR OUTPUTS (ORDER):       TSOL
 KNUTHSUMOFF:                               0
 INCLUDE LNTWOPI:                           NO
 INCLUDE CONSTANT TERM TO PRIOR (PRIORC):   NO
 INCLUDE CONSTANT TERM TO OMEGA (ETA) (OLNTWOPI):NO
 ADDITIONAL CONVERGENCE TEST (CTYPE=4)?:    NO
 EM OR BAYESIAN METHOD USED:                 NONE


 THE FOLLOWING LABELS ARE EQUIVALENT
 PRED=NPRED
 RES=NRES
 WRES=NWRES
 IWRS=NIWRES
 IPRD=NIPRED
 IRS=NIRES

 MONITORING OF SEARCH:


0ITERATION NO.:    0    OBJECTIVE VALUE:   110.244033888713        NO. OF FUNC. EVALS.:   6
 CUMULATIVE NO. OF FUNC. EVALS.:        6
 NPARAMETR:  3.0000E+00  8.0000E-02  4.0000E-02  6.0000E+00  5.0000E-03  3.0000E-01  2.0000E-04  6.0000E-03  4.0000E-01  4.0000E-01

 PARAMETER:  1.0000E-01  1.0000E-01  1.0000E-01  1.0000E-01  1.0000E-01  1.0000E-01  1.0000E-01  1.0000E-01  1.0000E-01  1.0000E-01

 GRADIENT:   1.4640E+01 -1.6691E+01  5.6460E+01 -9.4129E+00 -1.1699E+01  1.0623E+01 -6.3485E-01 -4.7803E+01 -9.6457E+00  5.2414E+00


0ITERATION NO.:    5    OBJECTIVE VALUE:   105.453693536069        NO. OF FUNC. EVALS.:  39
 CUMULATIVE NO. OF FUNC. EVALS.:       45
 NPARAMETR:  2.8166E+00  8.0433E-02  3.8563E-02  6.6123E+00  9.7862E-03 -3.9509E-02  2.3438E-04  8.1375E-03  4.9657E-01  4.0346E-01

 PARAMETER: -5.3055E-02  1.0703E-01  5.7598E-02  1.4858E-01  1.8644E-01 -1.2545E-02  1.5794E-01  1.3452E-01  3.7714E-02  1.0431E-01

 GRADIENT:   3.5103E-01 -1.3214E+01  2.8003E+01  1.1115E+00  1.9193E+00 -5.3252E+00  7.1534E-02 -2.2091E+01 -1.4424E+00  8.2329E+00


0ITERATION NO.:   10    OBJECTIVE VALUE:   104.747694492636        NO. OF FUNC. EVALS.:  35
 CUMULATIVE NO. OF FUNC. EVALS.:       80
 NPARAMETR:  2.7362E+00  7.6935E-02  3.5982E-02  5.7362E+00  1.0840E-03 -2.9208E-01  2.3701E-04  9.4013E-03  5.1805E-01  3.8850E-01

 PARAMETER: -1.1928E-01  4.9234E-02 -2.3022E-02  7.7517E-02  2.2173E-02 -9.9574E-02  1.9498E-01  1.4956E-01 -1.7173E-01  8.5414E-02

 GRADIENT:  -1.3933E+00 -7.4632E+00  9.3144E+00  1.0280E+00  9.6395E-01 -3.1313E+00  1.0212E+00 -5.3784E+00 -2.0828E+00 -9.1477E-01


0ITERATION NO.:   15    OBJECTIVE VALUE:   104.561085415251        NO. OF FUNC. EVALS.:  36
 CUMULATIVE NO. OF FUNC. EVALS.:      116
 NPARAMETR:  2.7735E+00  7.8097E-02  3.6292E-02  5.5466E+00  5.1735E-03 -1.2911E-01  2.3941E-04  9.0947E-03  5.1461E-01  3.8752E-01

 PARAMETER: -8.8567E-02  6.8686E-02 -1.2994E-02  6.0711E-02  1.0762E-01 -4.4762E-02  1.9028E-01  1.4643E-01 -8.4016E-02  8.4157E-02

 GRADIENT:   7.7937E-03  5.7189E-03  3.0426E-02 -5.1648E-03 -1.2939E-02  1.4490E-02  7.4602E-04 -2.5227E-02 -3.1443E-03  1.5799E-02


0ITERATION NO.:   19    OBJECTIVE VALUE:   104.561066311468        NO. OF FUNC. EVALS.:  33
 CUMULATIVE NO. OF FUNC. EVALS.:      149
 NPARAMETR:  2.7739E+00  7.8129E-02  3.6307E-02  5.5498E+00  5.2393E-03 -1.2767E-01  2.3985E-04  9.1064E-03  5.1521E-01  3.8750E-01

 PARAMETER: -8.8304E-02  6.9219E-02 -1.2510E-02  6.0998E-02  1.0895E-01 -4.4249E-02  1.9095E-01  1.4652E-01 -8.3269E-02  8.4127E-02

 GRADIENT:   1.2145E-04 -1.4882E-04 -6.6262E-06 -7.5745E-05 -1.6157E-05  1.1307E-04  6.4128E-05  1.1193E-04 -1.7655E-05  4.2672E-05


 #TERM:
0MINIMIZATION SUCCESSFUL
 NO. OF FUNCTION EVALUATIONS USED:      149
 NO. OF SIG. DIGITS IN FINAL EST.:  4.7
  
 TOTAL DATA POINTS NORMALLY DISTRIBUTED (N):          132
 N*LOG(2PI) CONSTANT TO OBJECTIVE FUNCTION:    242.59977276603360     
 OBJECTIVE FUNCTION VALUE WITHOUT CONSTANT:    104.56106631146791     
 OBJECTIVE FUNCTION VALUE WITH CONSTANT:       347.16083907750152     
 REPORTED OBJECTIVE FUNCTION DOES NOT CONTAIN CONSTANT
  
 TOTAL EFFECTIVE ETAS (NIND*NETA):                            36
  
 #TERE:
 Elapsed estimation  time in seconds:     0.03
 Elapsed covariance  time in seconds:     0.02
 Elapsed postprocess time in seconds:     0.00
1
 
 
 
 
 
 
 
 
 
 
 
 
 
 
 
 
 
 
 
 
 ************************************************************************************************************************
 ********************                                                                                ********************
 ********************                                   FIRST ORDER                                  ********************
 #OBJT:**************                       MINIMUM VALUE OF OBJECTIVE FUNCTION                      ********************
 ********************                                                                                ********************
 ************************************************************************************************************************
 





 #OBJV:********************************************      104.561       **************************************************
1
 ************************************************************************************************************************
 ********************                                                                                ********************
 ********************                                   FIRST ORDER                                  ********************
 ********************                             FINAL PARAMETER ESTIMATE                           ********************
 ********************                                                                                ********************
 ************************************************************************************************************************
 


 THETA - VECTOR OF FIXED EFFECTS PARAMETERS   *********


         TH 1      TH 2      TH 3     
 
         2.77E+00  7.81E-02  3.63E-02
 


 OMEGA - COV MATRIX FOR RANDOM EFFECTS - ETAS  ********


         ETA1      ETA2      ETA3     
 
 ETA1
+        5.55E+00
 
 ETA2
+        5.24E-03  2.40E-04
 
 ETA3
+       -1.28E-01  9.11E-03  5.15E-01
 


 SIGMA - COV MATRIX FOR RANDOM EFFECTS - EPSILONS  ****


         EPS1     
 
 EPS1
+        3.88E-01
 
1


 OMEGA - CORR MATRIX FOR RANDOM EFFECTS - ETAS  *******


         ETA1      ETA2      ETA3     
 
 ETA1
+        2.36E+00
 
 ETA2
+        1.44E-01  1.55E-02
 
 ETA3
+       -7.55E-02  8.19E-01  7.18E-01
 


 SIGMA - CORR MATRIX FOR RANDOM EFFECTS - EPSILONS  ***


         EPS1     
 
 EPS1
+        6.22E-01
 
1
 ************************************************************************************************************************
 ********************                                                                                ********************
 ********************                                   FIRST ORDER                                  ********************
 ********************                            STANDARD ERROR OF ESTIMATE                          ********************
 ********************                                                                                ********************
 ************************************************************************************************************************
 


 THETA - VECTOR OF FIXED EFFECTS PARAMETERS   *********


         TH 1      TH 2      TH 3     
 
         7.08E-01  7.26E-03  4.53E-03
 


 OMEGA - COV MATRIX FOR RANDOM EFFECTS - ETAS  ********


         ETA1      ETA2      ETA3     
 
 ETA1
+        4.83E+00
 
 ETA2
+        1.40E-02  1.22E-04
 
 ETA3
+        4.75E-01  3.73E-03  2.12E-01
 


 SIGMA - COV MATRIX FOR RANDOM EFFECTS - EPSILONS  ****


         EPS1     
 
 EPS1
+        1.05E-01
 
1


 OMEGA - CORR MATRIX FOR RANDOM EFFECTS - ETAS  *******


         ETA1      ETA2      ETA3     
 
 ETA1
+        1.03E+00
 
 ETA2
+        3.38E-01  3.95E-03
 
 ETA3
+        2.86E-01  1.01E-01  1.47E-01
 


 SIGMA - CORR MATRIX FOR RANDOM EFFECTS - EPSILONS  ***


         EPS1     
 
 EPS1
+        8.45E-02
 
1
 ************************************************************************************************************************
 ********************                                                                                ********************
 ********************                                   FIRST ORDER                                  ********************
 ********************                          COVARIANCE MATRIX OF ESTIMATE                         ********************
 ********************                                                                                ********************
 ************************************************************************************************************************
 

            TH 1      TH 2      TH 3      OM11      OM12      OM13      OM22      OM23      OM33      SG11  
 
 TH 1
+        5.01E-01
 
 TH 2
+        1.17E-03  5.28E-05
 
 TH 3
+        4.55E-05  3.12E-05  2.05E-05
 
 OM11
+        3.32E+00  6.25E-03 -3.85E-04  2.33E+01
 
 OM12
+        4.33E-03  7.25E-05  3.78E-05  2.16E-02  1.97E-04
 
 OM13
+        3.03E-03  1.59E-03  1.03E-03 -3.17E-01  5.04E-03  2.25E-01
 
 OM22
+        7.36E-06  4.19E-07  2.14E-07 -7.23E-06  1.41E-06  4.10E-05  1.50E-08
 
 OM23
+        1.99E-05 -1.53E-06 -8.32E-07 -2.34E-03  2.30E-05  1.18E-03  3.14E-07  1.39E-05
 
 OM33
+        6.15E-03 -3.72E-04 -1.65E-04 -8.61E-02  5.81E-04  5.13E-02  8.53E-06  7.06E-04  4.48E-02
 
 SG11
+       -1.27E-02  2.00E-04  6.06E-05 -1.36E-01  6.71E-04  1.76E-02  7.53E-06  9.47E-05 -1.52E-03  1.11E-02
 
1
 ************************************************************************************************************************
 ********************                                                                                ********************
 ********************                                   FIRST ORDER                                  ********************
 ********************                          CORRELATION MATRIX OF ESTIMATE                        ********************
 ********************                                                                                ********************
 ************************************************************************************************************************
 

            TH 1      TH 2      TH 3      OM11      OM12      OM13      OM22      OM23      OM33      SG11  
 
 TH 1
+        7.08E-01
 
 TH 2
+        2.27E-01  7.26E-03
 
 TH 3
+        1.42E-02  9.47E-01  4.53E-03
 
 OM11
+        9.69E-01  1.78E-01 -1.76E-02  4.83E+00
 
 OM12
+        4.36E-01  7.12E-01  5.95E-01  3.19E-01  1.40E-02
 
 OM13
+        9.01E-03  4.60E-01  4.78E-01 -1.38E-01  7.57E-01  4.75E-01
 
 OM22
+        8.48E-02  4.72E-01  3.86E-01 -1.22E-02  8.22E-01  7.05E-01  1.22E-04
 
 OM23
+        7.55E-03 -5.66E-02 -4.93E-02 -1.30E-01  4.39E-01  6.65E-01  6.88E-01  3.73E-03
 
 OM33
+        4.10E-02 -2.42E-01 -1.72E-01 -8.42E-02  1.96E-01  5.11E-01  3.29E-01  8.95E-01  2.12E-01
 
 SG11
+       -1.71E-01  2.61E-01  1.27E-01 -2.68E-01  4.54E-01  3.51E-01  5.85E-01  2.41E-01 -6.81E-02  1.05E-01
 
1
 ************************************************************************************************************************
 ********************                                                                                ********************
 ********************                                   FIRST ORDER                                  ********************
 ********************                      INVERSE COVARIANCE MATRIX OF ESTIMATE                     ********************
 ********************                                                                                ********************
 ************************************************************************************************************************
 

            TH 1      TH 2      TH 3      OM11      OM12      OM13      OM22      OM23      OM33      SG11  
 
 TH 1
+        7.39E+02
 
 TH 2
+       -2.94E+04  2.40E+06
 
 TH 3
+        4.11E+04 -3.54E+06  5.44E+06
 
 OM11
+       -6.84E+01  2.36E+03 -3.17E+03  6.74E+00
 
 OM12
+       -3.59E+04  1.25E+06 -1.75E+06  3.13E+03  2.04E+06
 
 OM13
+        3.46E+02 -1.18E+04  1.57E+04 -2.95E+01 -2.05E+04  2.23E+02
 
 OM22
+        5.48E+06 -1.73E+08  2.25E+08 -4.95E+05 -3.09E+08  3.08E+06  4.92E+10
 
 OM23
+       -2.26E+05  6.35E+06 -7.85E+06  2.05E+04  1.30E+07 -1.31E+05 -2.10E+09  9.15E+07
 
 OM33
+        2.27E+03 -5.54E+04  6.60E+04 -2.07E+02 -1.35E+05  1.35E+03  2.20E+07 -9.71E+05  1.05E+04
 
 SG11
+        4.47E+02 -2.98E+04  4.64E+04 -3.09E+01 -2.58E+04  2.51E+02  3.46E+06 -1.42E+05  1.45E+03  7.29E+02
 
1
 
 
 
 
 
 
 
 
 
 
 
 
 
 
 
 
 
 
 
 
 ************************************************************************************************************************
 ********************                                                                                ********************
 ********************                                   FIRST ORDER                                  ********************
 ********************                          TABLES OF DATA AND PREDICTIONS                        ********************
 ********************                                                                                ********************
 ************************************************************************************************************************
 
1TABLE NO.  1



 LINE NO.ID        DOSE      WT        TIME      CP        PRED      RES       WRES     
 
     1
+        1.00E+00  4.02E+00  7.96E+01  0.00E+00  0.00E+00  0.00E+00  0.00E+00  0.00E+00
 
     2
+        1.00E+00  0.00E+00  0.00E+00  0.00E+00  7.40E-01  0.00E+00  7.40E-01  1.19E+00
 
     3
+        1.00E+00  0.00E+00  0.00E+00  2.50E-01  2.84E+00  4.28E+00 -1.44E+00 -1.35E+00
 
     4
+        1.00E+00  0.00E+00  0.00E+00  5.70E-01  6.57E+00  6.68E+00 -1.12E-01 -2.59E-01
 
     5
+        1.00E+00  0.00E+00  0.00E+00  1.12E+00  1.05E+01  7.76E+00  2.74E+00  2.50E+00
 
     6
+        1.00E+00  0.00E+00  0.00E+00  2.02E+00  9.66E+00  7.57E+00  2.09E+00  4.50E-01
 
     7
+        1.00E+00  0.00E+00  0.00E+00  3.82E+00  8.58E+00  6.60E+00  1.98E+00  9.26E-02
 
     8
+        1.00E+00  0.00E+00  0.00E+00  5.10E+00  8.36E+00  5.98E+00  2.38E+00  7.70E-01
 
     9
+        1.00E+00  0.00E+00  0.00E+00  7.03E+00  7.47E+00  5.14E+00  2.33E+00  7.63E-01
 
    10
+        1.00E+00  0.00E+00  0.00E+00  9.05E+00  6.89E+00  4.39E+00  2.50E+00  1.16E+00
 
    11
+        1.00E+00  0.00E+00  0.00E+00  1.21E+01  5.94E+00  3.45E+00  2.49E+00  1.37E+00
 
    12
+        1.00E+00  0.00E+00  0.00E+00  2.44E+01  3.28E+00  1.33E+00  1.95E+00  1.56E+00
 
    13
+        2.00E+00  4.40E+00  7.24E+01  0.00E+00  0.00E+00  0.00E+00  0.00E+00  0.00E+00
 
    14
+        2.00E+00  0.00E+00  0.00E+00  0.00E+00  0.00E+00  0.00E+00  0.00E+00  0.00E+00
 
    15
+        2.00E+00  0.00E+00  0.00E+00  2.70E-01  1.72E+00  4.93E+00 -3.21E+00 -3.63E+00
 
    16
+        2.00E+00  0.00E+00  0.00E+00  5.20E-01  7.91E+00  7.05E+00  8.58E-01  2.85E+00
 
    17
+        2.00E+00  0.00E+00  0.00E+00  1.00E+00  8.31E+00  8.40E+00 -9.23E-02  6.28E-01
 
    18
+        2.00E+00  0.00E+00  0.00E+00  1.92E+00  8.33E+00  8.34E+00 -8.11E-03  2.06E-01
 
    19
+        2.00E+00  0.00E+00  0.00E+00  3.50E+00  6.85E+00  7.41E+00 -5.61E-01 -6.63E-01
 
    20
+        2.00E+00  0.00E+00  0.00E+00  5.02E+00  6.08E+00  6.58E+00 -5.02E-01 -4.75E-01
 
    21
+        2.00E+00  0.00E+00  0.00E+00  7.03E+00  5.40E+00  5.63E+00 -2.25E-01  5.94E-02
 
    22
+        2.00E+00  0.00E+00  0.00E+00  9.00E+00  4.55E+00  4.82E+00 -2.73E-01  3.90E-02
 
    23
+        2.00E+00  0.00E+00  0.00E+00  1.20E+01  3.01E+00  3.82E+00 -8.05E-01 -7.76E-01
 
    24
+        2.00E+00  0.00E+00  0.00E+00  2.43E+01  9.00E-01  1.46E+00 -5.59E-01 -4.81E-01
 
    25
+        3.00E+00  4.53E+00  7.05E+01  0.00E+00  0.00E+00  0.00E+00  0.00E+00  0.00E+00
 
1

 LINE NO.ID        DOSE      WT        TIME      CP        PRED      RES       WRES     
 
    26
+        3.00E+00  0.00E+00  0.00E+00  0.00E+00  0.00E+00  0.00E+00  0.00E+00  0.00E+00
 
    27
+        3.00E+00  0.00E+00  0.00E+00  2.70E-01  4.40E+00  5.08E+00 -6.78E-01 -1.80E-01
 
    28
+        3.00E+00  0.00E+00  0.00E+00  5.80E-01  6.90E+00  7.58E+00 -6.79E-01 -8.43E-02
 
    29
+        3.00E+00  0.00E+00  0.00E+00  1.02E+00  8.20E+00  8.67E+00 -4.70E-01  5.95E-02
 
    30
+        3.00E+00  0.00E+00  0.00E+00  2.02E+00  7.80E+00  8.53E+00 -7.29E-01 -5.92E-01
 
    31
+        3.00E+00  0.00E+00  0.00E+00  3.62E+00  7.50E+00  7.56E+00 -5.91E-02  4.27E-01
 
    32
+        3.00E+00  0.00E+00  0.00E+00  5.08E+00  6.20E+00  6.74E+00 -5.45E-01 -3.78E-01
 
    33
+        3.00E+00  0.00E+00  0.00E+00  7.07E+00  5.30E+00  5.77E+00 -4.73E-01 -2.98E-01
 
    34
+        3.00E+00  0.00E+00  0.00E+00  9.00E+00  4.90E+00  4.97E+00 -6.53E-02  3.24E-01
 
    35
+        3.00E+00  0.00E+00  0.00E+00  1.22E+01  3.70E+00  3.88E+00 -1.82E-01  8.22E-02
 
    36
+        3.00E+00  0.00E+00  0.00E+00  2.42E+01  1.05E+00  1.52E+00 -4.68E-01 -5.46E-01
 
    37
+        4.00E+00  4.40E+00  7.27E+01  0.00E+00  0.00E+00  0.00E+00  0.00E+00  0.00E+00
 
    38
+        4.00E+00  0.00E+00  0.00E+00  0.00E+00  0.00E+00  0.00E+00  0.00E+00  0.00E+00
 
    39
+        4.00E+00  0.00E+00  0.00E+00  3.50E-01  1.89E+00  5.79E+00 -3.90E+00 -1.62E+00
 
    40
+        4.00E+00  0.00E+00  0.00E+00  6.00E-01  4.60E+00  7.45E+00 -2.85E+00 -7.43E-01
 
    41
+        4.00E+00  0.00E+00  0.00E+00  1.07E+00  8.60E+00  8.46E+00  1.40E-01  1.81E+00
 
    42
+        4.00E+00  0.00E+00  0.00E+00  2.13E+00  8.38E+00  8.22E+00  1.57E-01 -4.66E-03
 
    43
+        4.00E+00  0.00E+00  0.00E+00  3.50E+00  7.54E+00  7.41E+00  1.29E-01 -2.39E-01
 
    44
+        4.00E+00  0.00E+00  0.00E+00  5.02E+00  6.88E+00  6.58E+00  2.98E-01  4.98E-02
 
    45
+        4.00E+00  0.00E+00  0.00E+00  7.02E+00  5.78E+00  5.63E+00  1.50E-01 -1.56E-01
 
    46
+        4.00E+00  0.00E+00  0.00E+00  9.02E+00  5.33E+00  4.82E+00  5.15E-01  4.62E-01
 
    47
+        4.00E+00  0.00E+00  0.00E+00  1.20E+01  4.19E+00  3.82E+00  3.69E-01  2.73E-01
 
    48
+        4.00E+00  0.00E+00  0.00E+00  2.46E+01  1.15E+00  1.42E+00 -2.70E-01 -6.00E-01
 
    49
+        5.00E+00  5.86E+00  5.46E+01  0.00E+00  0.00E+00  0.00E+00  0.00E+00  0.00E+00
 
    50
+        5.00E+00  0.00E+00  0.00E+00  0.00E+00  0.00E+00  0.00E+00  0.00E+00  0.00E+00
 
    51
+        5.00E+00  0.00E+00  0.00E+00  3.00E-01  2.02E+00  7.03E+00 -5.01E+00 -2.46E+00
 
1

 LINE NO.ID        DOSE      WT        TIME      CP        PRED      RES       WRES     
 
    52
+        5.00E+00  0.00E+00  0.00E+00  5.20E-01  5.63E+00  9.39E+00 -3.76E+00 -5.44E-01
 
    53
+        5.00E+00  0.00E+00  0.00E+00  1.00E+00  1.14E+01  1.12E+01  2.10E-01  3.70E+00
 
    54
+        5.00E+00  0.00E+00  0.00E+00  2.02E+00  9.33E+00  1.10E+01 -1.70E+00 -1.42E+00
 
    55
+        5.00E+00  0.00E+00  0.00E+00  3.50E+00  8.74E+00  9.87E+00 -1.13E+00 -7.75E-01
 
    56
+        5.00E+00  0.00E+00  0.00E+00  5.02E+00  7.56E+00  8.77E+00 -1.21E+00 -9.22E-01
 
    57
+        5.00E+00  0.00E+00  0.00E+00  7.02E+00  7.09E+00  7.50E+00 -4.08E-01  3.24E-01
 
    58
+        5.00E+00  0.00E+00  0.00E+00  9.10E+00  5.90E+00  6.37E+00 -4.73E-01  1.70E-01
 
    59
+        5.00E+00  0.00E+00  0.00E+00  1.20E+01  4.37E+00  5.08E+00 -7.11E-01 -2.93E-01
 
    60
+        5.00E+00  0.00E+00  0.00E+00  2.44E+01  1.57E+00  1.94E+00 -3.66E-01 -8.80E-02
 
    61
+        6.00E+00  4.00E+00  8.00E+01  0.00E+00  0.00E+00  0.00E+00  0.00E+00  0.00E+00
 
    62
+        6.00E+00  0.00E+00  0.00E+00  0.00E+00  0.00E+00  0.00E+00  0.00E+00  0.00E+00
 
    63
+        6.00E+00  0.00E+00  0.00E+00  2.70E-01  1.29E+00  4.48E+00 -3.19E+00 -6.43E-01
 
    64
+        6.00E+00  0.00E+00  0.00E+00  5.80E-01  3.08E+00  6.69E+00 -3.61E+00 -1.27E+00
 
    65
+        6.00E+00  0.00E+00  0.00E+00  1.15E+00  6.44E+00  7.73E+00 -1.29E+00  6.57E-01
 
    66
+        6.00E+00  0.00E+00  0.00E+00  2.03E+00  6.32E+00  7.53E+00 -1.21E+00 -3.60E-01
 
    67
+        6.00E+00  0.00E+00  0.00E+00  3.57E+00  5.53E+00  6.70E+00 -1.17E+00 -5.73E-01
 
    68
+        6.00E+00  0.00E+00  0.00E+00  5.00E+00  4.94E+00  5.99E+00 -1.05E+00 -4.53E-01
 
    69
+        6.00E+00  0.00E+00  0.00E+00  7.00E+00  4.02E+00  5.13E+00 -1.11E+00 -6.30E-01
 
    70
+        6.00E+00  0.00E+00  0.00E+00  9.22E+00  3.46E+00  4.31E+00 -8.50E-01 -3.19E-01
 
    71
+        6.00E+00  0.00E+00  0.00E+00  1.21E+01  2.78E+00  3.44E+00 -6.61E-01 -1.42E-01
 
    72
+        6.00E+00  0.00E+00  0.00E+00  2.39E+01  9.20E-01  1.37E+00 -4.54E-01 -2.24E-01
 
    73
+        7.00E+00  4.95E+00  6.46E+01  0.00E+00  0.00E+00  0.00E+00  0.00E+00  0.00E+00
 
    74
+        7.00E+00  0.00E+00  0.00E+00  0.00E+00  1.50E-01  0.00E+00  1.50E-01  2.41E-01
 
    75
+        7.00E+00  0.00E+00  0.00E+00  2.50E-01  8.50E-01  5.27E+00 -4.42E+00 -7.10E-02
 
    76
+        7.00E+00  0.00E+00  0.00E+00  5.00E-01  2.35E+00  7.80E+00 -5.45E+00 -9.95E-01
 
    77
+        7.00E+00  0.00E+00  0.00E+00  1.02E+00  5.02E+00  9.47E+00 -4.45E+00 -1.76E+00
 
1

 LINE NO.ID        DOSE      WT        TIME      CP        PRED      RES       WRES     
 
    78
+        7.00E+00  0.00E+00  0.00E+00  2.02E+00  6.58E+00  9.32E+00 -2.74E+00 -1.38E+00
 
    79
+        7.00E+00  0.00E+00  0.00E+00  3.48E+00  7.09E+00  8.35E+00 -1.26E+00  3.80E-01
 
    80
+        7.00E+00  0.00E+00  0.00E+00  5.00E+00  6.66E+00  7.42E+00 -7.56E-01  8.96E-01
 
    81
+        7.00E+00  0.00E+00  0.00E+00  6.98E+00  5.25E+00  6.35E+00 -1.10E+00  1.75E-02
 
    82
+        7.00E+00  0.00E+00  0.00E+00  9.00E+00  4.39E+00  5.43E+00 -1.04E+00 -1.51E-01
 
    83
+        7.00E+00  0.00E+00  0.00E+00  1.21E+01  3.53E+00  4.28E+00 -7.45E-01 -2.46E-02
 
    84
+        7.00E+00  0.00E+00  0.00E+00  2.42E+01  1.15E+00  1.65E+00 -5.02E-01 -3.83E-01
 
    85
+        8.00E+00  4.53E+00  7.05E+01  0.00E+00  0.00E+00  0.00E+00  0.00E+00  0.00E+00
 
    86
+        8.00E+00  0.00E+00  0.00E+00  0.00E+00  0.00E+00  0.00E+00  0.00E+00  0.00E+00
 
    87
+        8.00E+00  0.00E+00  0.00E+00  2.50E-01  3.05E+00  4.82E+00 -1.77E+00  9.59E-01
 
    88
+        8.00E+00  0.00E+00  0.00E+00  5.20E-01  3.05E+00  7.26E+00 -4.21E+00 -2.64E+00
 
    89
+        8.00E+00  0.00E+00  0.00E+00  9.80E-01  7.31E+00  8.63E+00 -1.32E+00  7.80E-01
 
    90
+        8.00E+00  0.00E+00  0.00E+00  2.02E+00  7.56E+00  8.53E+00 -9.69E-01 -4.20E-02
 
    91
+        8.00E+00  0.00E+00  0.00E+00  3.53E+00  6.59E+00  7.61E+00 -1.02E+00 -3.82E-01
 
    92
+        8.00E+00  0.00E+00  0.00E+00  5.05E+00  5.88E+00  6.76E+00 -8.80E-01 -2.39E-01
 
    93
+        8.00E+00  0.00E+00  0.00E+00  7.15E+00  4.73E+00  5.74E+00 -1.01E+00 -5.50E-01
 
    94
+        8.00E+00  0.00E+00  0.00E+00  9.07E+00  4.57E+00  4.94E+00 -3.68E-01  3.84E-01
 
    95
+        8.00E+00  0.00E+00  0.00E+00  1.21E+01  3.00E+00  3.90E+00 -8.97E-01 -6.01E-01
 
    96
+        8.00E+00  0.00E+00  0.00E+00  2.41E+01  1.25E+00  1.52E+00 -2.74E-01 -2.99E-03
 
    97
+        9.00E+00  3.10E+00  8.64E+01  0.00E+00  0.00E+00  0.00E+00  0.00E+00  0.00E+00
 
    98
+        9.00E+00  0.00E+00  0.00E+00  0.00E+00  0.00E+00  0.00E+00  0.00E+00  0.00E+00
 
    99
+        9.00E+00  0.00E+00  0.00E+00  3.00E-01  7.37E+00  3.72E+00  3.65E+00  1.13E+00
 
   100
+        9.00E+00  0.00E+00  0.00E+00  6.30E-01  9.03E+00  5.34E+00  3.69E+00  1.68E+00
 
   101
+        9.00E+00  0.00E+00  0.00E+00  1.05E+00  7.14E+00  5.95E+00  1.19E+00 -6.90E-01
 
   102
+        9.00E+00  0.00E+00  0.00E+00  2.02E+00  6.33E+00  5.84E+00  4.93E-01 -1.79E-01
 
   103
+        9.00E+00  0.00E+00  0.00E+00  3.53E+00  5.66E+00  5.21E+00  4.51E-01  4.64E-02
 
1

 LINE NO.ID        DOSE      WT        TIME      CP        PRED      RES       WRES     
 
   104
+        9.00E+00  0.00E+00  0.00E+00  5.02E+00  5.67E+00  4.64E+00  1.03E+00  1.04E+00
 
   105
+        9.00E+00  0.00E+00  0.00E+00  7.17E+00  4.24E+00  3.92E+00  3.20E-01 -3.20E-02
 
   106
+        9.00E+00  0.00E+00  0.00E+00  8.80E+00  4.11E+00  3.45E+00  6.59E-01  5.61E-01
 
   107
+        9.00E+00  0.00E+00  0.00E+00  1.16E+01  3.16E+00  2.77E+00  3.87E-01  2.00E-01
 
   108
+        9.00E+00  0.00E+00  0.00E+00  2.44E+01  1.12E+00  1.02E+00  1.02E-01 -2.78E-02
 
   109
+        1.00E+01  5.50E+00  5.82E+01  0.00E+00  0.00E+00  0.00E+00  0.00E+00  0.00E+00
 
   110
+        1.00E+01  0.00E+00  0.00E+00  0.00E+00  2.40E-01  0.00E+00  2.40E-01  3.86E-01
 
   111
+        1.00E+01  0.00E+00  0.00E+00  3.70E-01  2.89E+00  7.47E+00 -4.58E+00  6.46E-01
 
   112
+        1.00E+01  0.00E+00  0.00E+00  7.70E-01  5.22E+00  1.00E+01 -4.81E+00 -1.69E+00
 
   113
+        1.00E+01  0.00E+00  0.00E+00  1.02E+00  6.41E+00  1.05E+01 -4.12E+00 -2.22E+00
 
   114
+        1.00E+01  0.00E+00  0.00E+00  2.05E+00  7.83E+00  1.03E+01 -2.50E+00 -2.79E+00
 
   115
+        1.00E+01  0.00E+00  0.00E+00  3.55E+00  1.02E+01  9.23E+00  9.82E-01  1.95E+00
 
   116
+        1.00E+01  0.00E+00  0.00E+00  5.05E+00  9.18E+00  8.21E+00  9.72E-01  1.51E+00
 
   117
+        1.00E+01  0.00E+00  0.00E+00  7.08E+00  8.02E+00  7.00E+00  1.02E+00  1.16E+00
 
   118
+        1.00E+01  0.00E+00  0.00E+00  9.38E+00  7.14E+00  5.85E+00  1.29E+00  1.26E+00
 
   119
+        1.00E+01  0.00E+00  0.00E+00  1.21E+01  5.68E+00  4.73E+00  9.48E-01  4.84E-01
 
   120
+        1.00E+01  0.00E+00  0.00E+00  2.37E+01  2.42E+00  1.91E+00  5.08E-01 -2.75E-01
 
   121
+        1.10E+01  4.92E+00  6.50E+01  0.00E+00  0.00E+00  0.00E+00  0.00E+00  0.00E+00
 
   122
+        1.10E+01  0.00E+00  0.00E+00  0.00E+00  0.00E+00  0.00E+00  0.00E+00  0.00E+00
 
   123
+        1.10E+01  0.00E+00  0.00E+00  2.50E-01  4.86E+00  5.24E+00 -3.78E-01 -2.32E-01
 
   124
+        1.10E+01  0.00E+00  0.00E+00  5.00E-01  7.24E+00  7.75E+00 -5.15E-01  3.30E-01
 
   125
+        1.10E+01  0.00E+00  0.00E+00  9.80E-01  8.00E+00  9.37E+00 -1.37E+00  8.89E-02
 
   126
+        1.10E+01  0.00E+00  0.00E+00  1.98E+00  6.81E+00  9.29E+00 -2.48E+00 -1.02E+00
 
   127
+        1.10E+01  0.00E+00  0.00E+00  3.60E+00  5.87E+00  8.22E+00 -2.35E+00 -8.57E-01
 
   128
+        1.10E+01  0.00E+00  0.00E+00  5.02E+00  5.22E+00  7.36E+00 -2.14E+00 -6.38E-01
 
   129
+        1.10E+01  0.00E+00  0.00E+00  7.03E+00  4.45E+00  6.29E+00 -1.84E+00 -3.43E-01
 
1

 LINE NO.ID        DOSE      WT        TIME      CP        PRED      RES       WRES     
 
   130
+        1.10E+01  0.00E+00  0.00E+00  9.03E+00  3.62E+00  5.38E+00 -1.76E+00 -4.05E-01
 
   131
+        1.10E+01  0.00E+00  0.00E+00  1.21E+01  2.69E+00  4.23E+00 -1.54E+00 -3.37E-01
 
   132
+        1.10E+01  0.00E+00  0.00E+00  2.41E+01  8.60E-01  1.66E+00 -8.00E-01 -1.02E-01
 
   133
+        1.20E+01  5.30E+00  6.05E+01  0.00E+00  0.00E+00  0.00E+00  0.00E+00  0.00E+00
 
   134
+        1.20E+01  0.00E+00  0.00E+00  0.00E+00  0.00E+00  0.00E+00  0.00E+00  0.00E+00
 
   135
+        1.20E+01  0.00E+00  0.00E+00  2.50E-01  1.25E+00  5.64E+00 -4.39E+00 -7.45E-01
 
   136
+        1.20E+01  0.00E+00  0.00E+00  5.00E-01  3.96E+00  8.35E+00 -4.39E+00 -7.82E-01
 
   137
+        1.20E+01  0.00E+00  0.00E+00  1.00E+00  7.82E+00  1.01E+01 -2.30E+00 -6.35E-01
 
   138
+        1.20E+01  0.00E+00  0.00E+00  2.00E+00  9.72E+00  9.99E+00 -2.72E-01 -1.79E-01
 
   139
+        1.20E+01  0.00E+00  0.00E+00  3.52E+00  9.75E+00  8.91E+00  8.37E-01  1.20E+00
 
   140
+        1.20E+01  0.00E+00  0.00E+00  5.07E+00  8.57E+00  7.90E+00  6.73E-01  9.19E-01
 
   141
+        1.20E+01  0.00E+00  0.00E+00  7.07E+00  6.59E+00  6.75E+00 -1.65E-01 -4.32E-01
 
   142
+        1.20E+01  0.00E+00  0.00E+00  9.03E+00  6.11E+00  5.80E+00  3.14E-01  3.37E-01
 
   143
+        1.20E+01  0.00E+00  0.00E+00  1.21E+01  4.57E+00  4.58E+00 -7.55E-03 -1.74E-01
 
   144
+        1.20E+01  0.00E+00  0.00E+00  2.41E+01  1.17E+00  1.78E+00 -6.09E-01 -1.09E+00
 
1
 
 
 
 
 
 
 
 
 
 
 
 
 
 
 
 
 
 
 
 
 ************************************************************************************************************************
 ********************                                                                                ********************
 ********************                                   FIRST ORDER                                  ********************
 ********************                                     SCATTERS                                   ********************
 ********************                                                                                ********************
 ************************************************************************************************************************
 
1       RES VS. TIME
+                               POINTS ARE ONLY FOR
+                                                   - ID =  1.00E+00
+                                                                                                   DATA RECS.       1 THROUGH     144
  -1.50E+00           -6.40E-01            2.20E-01 RES        1.08E+00            1.94E+00            2.80E+00
          .                   .                   .                   .                   .                   .
          .         .         .         .         .         .         .         .         .         .         .
 -1.00E+00. . . . . . . . . . . . . . . . . ... . . . . . . . . . . . . . . . . . . . . . . . . . . . . . . . .
          .                                  .                                                                .
          .*                                 .                *                                               .
          .                               *  .                                                                .
          .                                  .                                                               *.
          .                                  .                                                                .
          .                                  .                                                *               .
          .                                  .                                                                .
          .                                  .                                                                .
          .                                  .                                             *                  .
  4.20E+00.                                  .                                                                ..
          .                                  .                                                                .
          .                                  .                                                      *         .
          .                                  .                                                                .
          .                                  .                                                                .
          .                                  .                                                     *          .
          .                                  .                                                                .
          .                                  .                                                                .
          .                                  .                                                                .
          .                                  .                                                         *      .
  9.40E+00.                                  .                                                                ..
          .                                  .                                                                .
          .                                  .                                                                .
          .                                  .                                                                .
          .                                  .                                                                .
TIME      .                                  .                                                         *      .
          .                                  .                                                                .
          .                                  .                                                                .
          .                                  .                                                                .
          .                                  .                                                                .
  1.46E+01.                                  .                                                                ..
          .                                  .                                                                .
          .                                  .                                                                .
          .                                  .                                                                .
          .                                  .                                                                .
          .                                  .                                                                .
          .                                  .                                                                .
          .                                  .                                                                .
          .                                  .                                                                .
          .                                  .                                                                .
  1.98E+01.                                  .                                                                ..
          .                                  .                                                                .
          .                                  .                                                                .
          .                                  .                                                                .
          .                                  .                                                                .
          .                                  .                                                                .
          .                                  .                                                                .
          .                                  .                                                                .
          .                                  .                                                                .
          .                                  .                                            *                   .
  2.50E+01. . . . . . . . . . . . . . . . . ... . . . . . . . . . . . . . . . . . . . . . . . . . . . . . . . .
          .         .         .         .         .         .         .         .         .         .         .
1       RES VS. TIME
+                               POINTS ARE ONLY FOR
+                                                   - ID =  2.00E+00
+                                                                                                   DATA RECS.       1 THROUGH     144
  -3.30E+00           -2.46E+00           -1.62E+00 RES       -7.80E-01            6.00E-02            9.00E-01
          .                   .                   .                   .                   .                   .
          .         .         .         .         .         .         .         .         .         .         .
 -1.00E+00. . . . . . . . . . . . . . . . . . . . . . . . . . . . . . . . . . . . . . . ... . . . . . . . . . .
          .                                                                              .                    .
          . *                                                                            *                    .
          .                                                                              .                   *.
          .                                                                           *  .                    .
          .                                                                              .                    .
          .                                                                             *.                    .
          .                                                                              .                    .
          .                                                                              .                    .
          .                                                                *             .                    .
  4.20E+00.                                                                              .                    ..
          .                                                                              .                    .
          .                                                                  *           .                    .
          .                                                                              .                    .
          .                                                                              .                    .
          .                                                                        *     .                    .
          .                                                                              .                    .
          .                                                                              .                    .
          .                                                                              .                    .
          .                                                                       *      .                    .
  9.40E+00.                                                                              .                    ..
          .                                                                              .                    .
          .                                                                              .                    .
          .                                                                              .                    .
          .                                                                              .                    .
TIME      .                                                          *                   .                    .
          .                                                                              .                    .
          .                                                                              .                    .
          .                                                                              .                    .
          .                                                                              .                    .
  1.46E+01.                                                                              .                    ..
          .                                                                              .                    .
          .                                                                              .                    .
          .                                                                              .                    .
          .                                                                              .                    .
          .                                                                              .                    .
          .                                                                              .                    .
          .                                                                              .                    .
          .                                                                              .                    .
          .                                                                              .                    .
  1.98E+01.                                                                              .                    ..
          .                                                                              .                    .
          .                                                                              .                    .
          .                                                                              .                    .
          .                                                                              .                    .
          .                                                                              .                    .
          .                                                                              .                    .
          .                                                                              .                    .
          .                                                                              .                    .
          .                                                                *             .                    .
  2.50E+01. . . . . . . . . . . . . . . . . . . . . . . . . . . . . . . . . . . . . . . ... . . . . . . . . . .
          .         .         .         .         .         .         .         .         .         .         .
1       RES VS. TIME
+                               POINTS ARE ONLY FOR
+                                                   - ID =  3.00E+00
+                                                                                                   DATA RECS.       1 THROUGH     144
  -7.40E-01           -5.90E-01           -4.40E-01 RES       -2.90E-01           -1.40E-01            1.00E-02
          .                   .                   .                   .                   .                   .
          .         .         .         .         .         .         .         .         .         .         .
 -1.00E+00. . . . . . . . . . . . . . . . . . . . . . . . . . . . . . . . . . . . . . . . . . . . . . . . . . .
          .                                                                                                   .
          .       *                                                                                          *.
          .       *                                                                                           .
          .                                   *                                                               .
          .                                                                                                   .
          .*                                                                                                  .
          .                                                                                                   .
          .                                                                                                   .
          .                                                                                          *        .
  4.20E+00.                                                                                                   ..
          .                                                                                                   .
          .                         *                                                                         .
          .                                                                                                   .
          .                                                                                                   .
          .                                                                                                   .
          .                                   *                                                               .
          .                                                                                                   .
          .                                                                                                   .
          .                                                                                         *         .
  9.40E+00.                                                                                                   ..
          .                                                                                                   .
          .                                                                                                   .
          .                                                                                                   .
          .                                                                                                   .
TIME      .                                                                         *                         .
          .                                                                                                   .
          .                                                                                                   .
          .                                                                                                   .
          .                                                                                                   .
  1.46E+01.                                                                                                   ..
          .                                                                                                   .
          .                                                                                                   .
          .                                                                                                   .
          .                                                                                                   .
          .                                                                                                   .
          .                                                                                                   .
          .                                                                                                   .
          .                                                                                                   .
          .                                                                                                   .
  1.98E+01.                                                                                                   ..
          .                                                                                                   .
          .                                                                                                   .
          .                                                                                                   .
          .                                                                                                   .
          .                                                                                                   .
          .                                                                                                   .
          .                                                                                                   .
          .                                   *                                                               .
          .                                                                                                   .
  2.50E+01. . . . . . . . . . . . . . . . . . . . . . . . . . . . . . . . . . . . . . . . . . . . . . . . . . .
          .         .         .         .         .         .         .         .         .         .         .
1       RES VS. TIME
+                               POINTS ARE ONLY FOR
+                                                   - ID =  4.00E+00
+                                                                                                   DATA RECS.       1 THROUGH     144
  -4.00E+00           -3.08E+00           -2.16E+00 RES       -1.24E+00           -3.20E-01            6.00E-01
          .                   .                   .                   .                   .                   .
          .         .         .         .         .         .         .         .         .         .         .
 -1.00E+00. . . . . . . . . . . . . . . . . . . . . . . . . . . . . . . . . . . . . . . . . . . ... . . . . . .
          .                                                                                      .            .
          . *                                                                                    *            .
          .                        *                                                             .            .
          .                                                                                      .  *         .
          .                                                                                      .            .
          .                                                                                      .  *         .
          .                                                                                      .            .
          .                                                                                      .  *         .
          .                                                                                      .            .
  4.40E+00.                                                                                      .            ..
          .                                                                                      .     *      .
          .                                                                                      .            .
          .                                                                                      .            .
          .                                                                                      .            .
          .                                                                                      .  *         .
          .                                                                                      .            .
          .                                                                                      .            .
          .                                                                                      .            .
          .                                                                                      .          * .
  9.80E+00.                                                                                      .            ..
          .                                                                                      .            .
          .                                                                                      .            .
          .                                                                                      .            .
          .                                                                                      .       *    .
TIME      .                                                                                      .            .
          .                                                                                      .            .
          .                                                                                      .            .
          .                                                                                      .            .
          .                                                                                      .            .
  1.52E+01.                                                                                      .            ..
          .                                                                                      .            .
          .                                                                                      .            .
          .                                                                                      .            .
          .                                                                                      .            .
          .                                                                                      .            .
          .                                                                                      .            .
          .                                                                                      .            .
          .                                                                                      .            .
          .                                                                                      .            .
  2.06E+01.                                                                                      .            ..
          .                                                                                      .            .
          .                                                                                      .            .
          .                                                                                      .            .
          .                                                                                      .            .
          .                                                                                      .            .
          .                                                                                      .            .
          .                                                                                      .            .
          .                                                                                *     .            .
          .                                                                                      .            .
  2.60E+01. . . . . . . . . . . . . . . . . . . . . . . . . . . . . . . . . . . . . . . . . . . ... . . . . . .
          .         .         .         .         .         .         .         .         .         .         .
1       RES VS. TIME
+                               POINTS ARE ONLY FOR
+                                                   - ID =  5.00E+00
+                                                                                                   DATA RECS.       1 THROUGH     144
  -5.10E+00           -4.02E+00           -2.94E+00 RES       -1.86E+00           -7.80E-01            3.00E-01
          .                   .                   .                   .                   .                   .
          .         .         .         .         .         .         .         .         .         .         .
 -1.00E+00. . . . . . . . . . . . . . . . . . . . . . . . . . . . . . . . . . . . . . . . . . . . . . . . . . .
          .                                                                                             .     .
          . *                                                                                           *     .
          .                        *                                                                    .     .
          .                                                                                             .   * .
          .                                                                                             .     .
          .                                                              *                              .     .
          .                                                                                             .     .
          .                                                                                             .     .
          .                                                                         *                   .     .
  4.20E+00.                                                                                             .     ..
          .                                                                                             .     .
          .                                                                       *                     .     .
          .                                                                                             .     .
          .                                                                                             .     .
          .                                                                                      *      .     .
          .                                                                                             .     .
          .                                                                                             .     .
          .                                                                                             .     .
          .                                                                                     *       .     .
  9.40E+00.                                                                                             .     ..
          .                                                                                             .     .
          .                                                                                             .     .
          .                                                                                             .     .
          .                                                                                             .     .
TIME      .                                                                                *            .     .
          .                                                                                             .     .
          .                                                                                             .     .
          .                                                                                             .     .
          .                                                                                             .     .
  1.46E+01.                                                                                             .     ..
          .                                                                                             .     .
          .                                                                                             .     .
          .                                                                                             .     .
          .                                                                                             .     .
          .                                                                                             .     .
          .                                                                                             .     .
          .                                                                                             .     .
          .                                                                                             .     .
          .                                                                                             .     .
  1.98E+01.                                                                                             .     ..
          .                                                                                             .     .
          .                                                                                             .     .
          .                                                                                             .     .
          .                                                                                             .     .
          .                                                                                             .     .
          .                                                                                             .     .
          .                                                                                             .     .
          .                                                                                             .     .
          .                                                                                       *     .     .
  2.50E+01. . . . . . . . . . . . . . . . . . . . . . . . . . . . . . . . . . . . . . . . . . . . . . . . . . .
          .         .         .         .         .         .         .         .         .         .         .
1       RES VS. TIME
+                               POINTS ARE ONLY FOR
+                                                   - ID =  6.00E+00
+                                                                                                   DATA RECS.       1 THROUGH     144
  -3.70E+00           -2.94E+00           -2.18E+00 RES       -1.42E+00           -6.60E-01            1.00E-01
          .                   .                   .                   .                   .                   .
          .         .         .         .         .         .         .         .         .         .         .
 -1.00E+00. . . . . . . . . . . . . . . . . . . . . . . . . . . . . . . . . . . . . . . . . . . . . . . . . . .
          .                                                                                                   .
          .            *                                                                                   *  .
          . *                                                                                                 .
          .                                                              *                                    .
          .                                                                                                   .
          .                                                                 *                                 .
          .                                                                                                   .
          .                                                                                                   .
          .                                                                  *                                .
  4.20E+00.                                                                                                   ..
          .                                                                                                   .
          .                                                                     *                             .
          .                                                                                                   .
          .                                                                                                   .
          .                                                                   *                               .
          .                                                                                                   .
          .                                                                                                   .
          .                                                                                                   .
          .                                                                                                   .
  9.40E+00.                                                                          *                        ..
          .                                                                                                   .
          .                                                                                                   .
          .                                                                                                   .
          .                                                                                                   .
TIME      .                                                                               *                   .
          .                                                                                                   .
          .                                                                                                   .
          .                                                                                                   .
          .                                                                                                   .
  1.46E+01.                                                                                                   ..
          .                                                                                                   .
          .                                                                                                   .
          .                                                                                                   .
          .                                                                                                   .
          .                                                                                                   .
          .                                                                                                   .
          .                                                                                                   .
          .                                                                                                   .
          .                                                                                                   .
  1.98E+01.                                                                                                   ..
          .                                                                                                   .
          .                                                                                                   .
          .                                                                                                   .
          .                                                                                                   .
          .                                                                                                   .
          .                                                                                                   .
          .                                                                                                   .
          .                                                                                    *              .
          .                                                                                                   .
  2.50E+01. . . . . . . . . . . . . . . . . . . . . . . . . . . . . . . . . . . . . . . . . . . . . . . . . . .
          .         .         .         .         .         .         .         .         .         .         .
1       RES VS. TIME
+                               POINTS ARE ONLY FOR
+                                                   - ID =  7.00E+00
+                                                                                                   DATA RECS.       1 THROUGH     144
  -5.60E+00           -4.42E+00           -3.24E+00 RES       -2.06E+00           -8.80E-01            3.00E-01
          .                   .                   .                   .                   .                   .
          .         .         .         .         .         .         .         .         .         .         .
 -1.00E+00. . . . . . . . . . . . . . . . . . . . . . . . . . . . . . . . . . . . . . . . . . . . . . . ... . .
          .                                                                                              .    .
          .                   *                                                                          . *  .
          .  *                                                                                           .    .
          .                  *                                                                           .    .
          .                                                                                              .    .
          .                                               *                                              .    .
          .                                                                                              .    .
          .                                                                                              .    .
          .                                                                         *                    .    .
  4.20E+00.                                                                                              .    ..
          .                                                                                              .    .
          .                                                                                 *            .    .
          .                                                                                              .    .
          .                                                                                              .    .
          .                                                                           *                  .    .
          .                                                                                              .    .
          .                                                                                              .    .
          .                                                                                              .    .
          .                                                                            *                 .    .
  9.40E+00.                                                                                              .    ..
          .                                                                                              .    .
          .                                                                                              .    .
          .                                                                                              .    .
          .                                                                                              .    .
TIME      .                                                                                 *            .    .
          .                                                                                              .    .
          .                                                                                              .    .
          .                                                                                              .    .
          .                                                                                              .    .
  1.46E+01.                                                                                              .    ..
          .                                                                                              .    .
          .                                                                                              .    .
          .                                                                                              .    .
          .                                                                                              .    .
          .                                                                                              .    .
          .                                                                                              .    .
          .                                                                                              .    .
          .                                                                                              .    .
          .                                                                                              .    .
  1.98E+01.                                                                                              .    ..
          .                                                                                              .    .
          .                                                                                              .    .
          .                                                                                              .    .
          .                                                                                              .    .
          .                                                                                              .    .
          .                                                                                              .    .
          .                                                                                              .    .
          .                                                                                              .    .
          .                                                                                     *        .    .
  2.50E+01. . . . . . . . . . . . . . . . . . . . . . . . . . . . . . . . . . . . . . . . . . . . . . . ... . .
          .         .         .         .         .         .         .         .         .         .         .
1       RES VS. TIME
+                               POINTS ARE ONLY FOR
+                                                   - ID =  8.00E+00
+                                                                                                   DATA RECS.       1 THROUGH     144
  -4.30E+00           -3.42E+00           -2.54E+00 RES       -1.66E+00           -7.80E-01            1.00E-01
          .                   .                   .                   .                   .                   .
          .         .         .         .         .         .         .         .         .         .         .
 -1.00E+00. . . . . . . . . . . . . . . . . . . . . . . . . . . . . . . . . . . . . . . . . . . . . . . . . . .
          .                                                                                                   .
          .                                                        *                                        * .
          . *                                                                                                 .
          .                                                                   *                               .
          .                                                                                                   .
          .                                                                           *                       .
          .                                                                                                   .
          .                                                                                                   .
          .                                                                         *                         .
  4.20E+00.                                                                                                   ..
          .                                                                                                   .
          .                                                                             *                     .
          .                                                                                                   .
          .                                                                                                   .
          .                                                                                                   .
          .                                                                          *                        .
          .                                                                                                   .
          .                                                                                                   .
          .                                                                                        *          .
  9.40E+00.                                                                                                   ..
          .                                                                                                   .
          .                                                                                                   .
          .                                                                                                   .
          .                                                                                                   .
TIME      .                                                                            *                      .
          .                                                                                                   .
          .                                                                                                   .
          .                                                                                                   .
          .                                                                                                   .
  1.46E+01.                                                                                                   ..
          .                                                                                                   .
          .                                                                                                   .
          .                                                                                                   .
          .                                                                                                   .
          .                                                                                                   .
          .                                                                                                   .
          .                                                                                                   .
          .                                                                                                   .
          .                                                                                                   .
  1.98E+01.                                                                                                   ..
          .                                                                                                   .
          .                                                                                                   .
          .                                                                                                   .
          .                                                                                                   .
          .                                                                                                   .
          .                                                                                                   .
          .                                                                                                   .
          .                                                                                           *       .
          .                                                                                                   .
  2.50E+01. . . . . . . . . . . . . . . . . . . . . . . . . . . . . . . . . . . . . . . . . . . . . . . . . . .
          .         .         .         .         .         .         .         .         .         .         .
1       RES VS. TIME
+                               POINTS ARE ONLY FOR
+                                                   - ID =  9.00E+00
+                                                                                                   DATA RECS.       1 THROUGH     144
  -1.00E-01            6.80E-01            1.46E+00 RES        2.24E+00            3.02E+00            3.80E+00
          .                   .                   .                   .                   .                   .
          .         .         .         .         .         .         .         .         .         .         .
 -1.00E+00. . . . . . . . . . . . . . . . . . . . . . . . . . . . . . . . . . . . . . . . . . . . . . . . . . .
          .                                                                                                   .
          .  *                                                                                            *   .
          .                                                                                                *  .
          .                                *                                                                  .
          .                                                                                                   .
          .              *                                                                                    .
          .                                                                                                   .
          .                                                                                                   .
          .             *                                                                                     .
  4.20E+00.                                                                                                   ..
          .                                                                                                   .
          .                            *                                                                      .
          .                                                                                                   .
          .                                                                                                   .
          .                                                                                                   .
          .          *                                                                                        .
          .                                                                                                   .
          .                                                                                                   .
          .                  *                                                                                .
  9.40E+00.                                                                                                   ..
          .                                                                                                   .
          .                                                                                                   .
          .                                                                                                   .
          .           *                                                                                       .
TIME      .                                                                                                   .
          .                                                                                                   .
          .                                                                                                   .
          .                                                                                                   .
          .                                                                                                   .
  1.46E+01.                                                                                                   ..
          .                                                                                                   .
          .                                                                                                   .
          .                                                                                                   .
          .                                                                                                   .
          .                                                                                                   .
          .                                                                                                   .
          .                                                                                                   .
          .                                                                                                   .
          .                                                                                                   .
  1.98E+01.                                                                                                   ..
          .                                                                                                   .
          .                                                                                                   .
          .                                                                                                   .
          .                                                                                                   .
          .                                                                                                   .
          .                                                                                                   .
          .                                                                                                   .
          .                                                                                                   .
          .    *                                                                                              .
  2.50E+01. . . . . . . . . . . . . . . . . . . . . . . . . . . . . . . . . . . . . . . . . . . . . . . . . . .
          .         .         .         .         .         .         .         .         .         .         .
1       RES VS. TIME
+                               POINTS ARE ONLY FOR
+                                                   - ID =  1.00E+01
+                                                                                                   DATA RECS.       1 THROUGH     144
  -4.90E+00           -3.64E+00           -2.38E+00 RES       -1.12E+00            1.40E-01            1.40E+00
          .                   .                   .                   .                   .                   .
          .         .         .         .         .         .         .         .         .         .         .
 -1.00E+00. . . . . . . . . . . . . . . . . . . . . . . . . . . . . . . . . . . . . . . . . . . . . . . . . . .
          .                                                                             .                     .
          .                                                                             .   *                 .
          .*   *                                                                        .                     .
          .           *                                                                 .                     .
          .                                                                             .                     .
          .                                     *                                       .                     .
          .                                                                             .                     .
          .                                                                             .                     .
          .                                                                             .              *      .
  4.20E+00.                                                                             .                     ..
          .                                                                             .                     .
          .                                                                             .              *      .
          .                                                                             .                     .
          .                                                                             .                     .
          .                                                                             .                     .
          .                                                                             .               *     .
          .                                                                             .                     .
          .                                                                             .                     .
          .                                                                             .                     .
  9.40E+00.                                                                             .                   * ..
          .                                                                             .                     .
          .                                                                             .                     .
          .                                                                             .                     .
          .                                                                             .                     .
TIME      .                                                                             .              *      .
          .                                                                             .                     .
          .                                                                             .                     .
          .                                                                             .                     .
          .                                                                             .                     .
  1.46E+01.                                                                             .                     ..
          .                                                                             .                     .
          .                                                                             .                     .
          .                                                                             .                     .
          .                                                                             .                     .
          .                                                                             .                     .
          .                                                                             .                     .
          .                                                                             .                     .
          .                                                                             .                     .
          .                                                                             .                     .
  1.98E+01.                                                                             .                     ..
          .                                                                             .                     .
          .                                                                             .                     .
          .                                                                             .                     .
          .                                                                             .                     .
          .                                                                             .                     .
          .                                                                             .                     .
          .                                                                             .                     .
          .                                                                             .       *             .
          .                                                                             .                     .
  2.50E+01. . . . . . . . . . . . . . . . . . . . . . . . . . . . . . . . . . . . . . . . . . . . . . . . . . .
          .         .         .         .         .         .         .         .         .         .         .
1       RES VS. TIME
+                               POINTS ARE ONLY FOR
+                                                   - ID =  1.10E+01
+                                                                                                   DATA RECS.       1 THROUGH     144
  -2.60E+00           -2.06E+00           -1.52E+00 RES       -9.80E-01           -4.40E-01            1.00E-01
          .                   .                   .                   .                   .                   .
          .         .         .         .         .         .         .         .         .         .         .
 -1.00E+00. . . . . . . . . . . . . . . . . . . . . . . . . . . . . . . . . . . . . . . . . . . . . . . . . . .
          .                                                                                                   .
          .                                                                                 *             *   .
          .                                                                            *                      .
          .                                            *                                                      .
          .                                                                                                   .
          .    *                                                                                              .
          .                                                                                                   .
          .                                                                                                   .
          .        *                                                                                          .
  4.20E+00.                                                                                                   ..
          .                                                                                                   .
          .                *                                                                                  .
          .                                                                                                   .
          .                                                                                                   .
          .                           *                                                                       .
          .                                                                                                   .
          .                                                                                                   .
          .                                                                                                   .
          .                              *                                                                    .
  9.40E+00.                                                                                                   ..
          .                                                                                                   .
          .                                                                                                   .
          .                                                                                                   .
          .                                                                                                   .
TIME      .                                      *                                                            .
          .                                                                                                   .
          .                                                                                                   .
          .                                                                                                   .
          .                                                                                                   .
  1.46E+01.                                                                                                   ..
          .                                                                                                   .
          .                                                                                                   .
          .                                                                                                   .
          .                                                                                                   .
          .                                                                                                   .
          .                                                                                                   .
          .                                                                                                   .
          .                                                                                                   .
          .                                                                                                   .
  1.98E+01.                                                                                                   ..
          .                                                                                                   .
          .                                                                                                   .
          .                                                                                                   .
          .                                                                                                   .
          .                                                                                                   .
          .                                                                                                   .
          .                                                                                                   .
          .                                                                  *                                .
          .                                                                                                   .
  2.50E+01. . . . . . . . . . . . . . . . . . . . . . . . . . . . . . . . . . . . . . . . . . . . . . . . . . .
          .         .         .         .         .         .         .         .         .         .         .
1       RES VS. TIME
+                               POINTS ARE ONLY FOR
+                                                   - ID =  1.20E+01
+                                                                                                   DATA RECS.       1 THROUGH     144
  -4.50E+00           -3.42E+00           -2.34E+00 RES       -1.26E+00           -1.80E-01            9.00E-01
          .                   .                   .                   .                   .                   .
          .         .         .         .         .         .         .         .         .         .         .
 -1.00E+00. . . . . . . . . . . . . . . . . . . . . . . . . . . . . . . . . . . . . . . . . ... . . . . . . . .
          .                                                                                  .                .
          . *                                                                                *                .
          . *                                                                                .                .
          .                                        *                                         .                .
          .                                                                                  .                .
          .                                                                             *    .                .
          .                                                                                  .                .
          .                                                                                  .                .
          .                                                                                  .               *.
  4.20E+00.                                                                                  .                ..
          .                                                                                  .                .
          .                                                                                  .            *   .
          .                                                                                  .                .
          .                                                                                  .                .
          .                                                                                  .                .
          .                                                                               *  .                .
          .                                                                                  .                .
          .                                                                                  .                .
          .                                                                                  .     *          .
  9.40E+00.                                                                                  .                ..
          .                                                                                  .                .
          .                                                                                  .                .
          .                                                                                  .                .
          .                                                                                  .                .
TIME      .                                                                                  *                .
          .                                                                                  .                .
          .                                                                                  .                .
          .                                                                                  .                .
          .                                                                                  .                .
  1.46E+01.                                                                                  .                ..
          .                                                                                  .                .
          .                                                                                  .                .
          .                                                                                  .                .
          .                                                                                  .                .
          .                                                                                  .                .
          .                                                                                  .                .
          .                                                                                  .                .
          .                                                                                  .                .
          .                                                                                  .                .
  1.98E+01.                                                                                  .                ..
          .                                                                                  .                .
          .                                                                                  .                .
          .                                                                                  .                .
          .                                                                                  .                .
          .                                                                                  .                .
          .                                                                                  .                .
          .                                                                                  .                .
          .                                                                       *          .                .
          .                                                                                  .                .
  2.50E+01. . . . . . . . . . . . . . . . . . . . . . . . . . . . . . . . . . . . . . . . . ... . . . . . . . .
          .         .         .         .         .         .         .         .         .         .         .
1       WRES VS. TIME
+                               POINTS ARE ONLY FOR
+                                                   - ID =  1.00E+00
+                                                                                                   DATA RECS.       1 THROUGH     144
  -1.40E+00           -6.00E-01            2.00E-01 WRES       1.00E+00            1.80E+00            2.60E+00
          .                   .                   .                   .                   .                   .
          .         .         .         .         .         .         .         .         .         .         .
 -1.00E+00. . . . . . . . . . . . . . . . . ... . . . . . . . . . . . . . . . . . . . . . . . . . . . . . . . .
          .                                  .                                                                .
          .*                                 .                             *                                  .
          .                            *     .                                                                .
          .                                  .                                                             *  .
          .                                  .                                                                .
          .                                  .          *                                                     .
          .                                  .                                                                .
          .                                  .                                                                .
          .                                  . *                                                              .
  4.20E+00.                                  .                                                                ..
          .                                  .                                                                .
          .                                  .                  *                                             .
          .                                  .                                                                .
          .                                  .                                                                .
          .                                  .                  *                                             .
          .                                  .                                                                .
          .                                  .                                                                .
          .                                  .                                                                .
          .                                  .                            *                                   .
  9.40E+00.                                  .                                                                ..
          .                                  .                                                                .
          .                                  .                                                                .
          .                                  .                                                                .
          .                                  .                                                                .
TIME      .                                  .                                 *                              .
          .                                  .                                                                .
          .                                  .                                                                .
          .                                  .                                                                .
          .                                  .                                                                .
  1.46E+01.                                  .                                                                ..
          .                                  .                                                                .
          .                                  .                                                                .
          .                                  .                                                                .
          .                                  .                                                                .
          .                                  .                                                                .
          .                                  .                                                                .
          .                                  .                                                                .
          .                                  .                                                                .
          .                                  .                                                                .
  1.98E+01.                                  .                                                                ..
          .                                  .                                                                .
          .                                  .                                                                .
          .                                  .                                                                .
          .                                  .                                                                .
          .                                  .                                                                .
          .                                  .                                                                .
          .                                  .                                                                .
          .                                  .                                                                .
          .                                  .                                      *                         .
  2.50E+01. . . . . . . . . . . . . . . . . ... . . . . . . . . . . . . . . . . . . . . . . . . . . . . . . . .
          .         .         .         .         .         .         .         .         .         .         .
1       WRES VS. TIME
+                               POINTS ARE ONLY FOR
+                                                   - ID =  2.00E+00
+                                                                                                   DATA RECS.       1 THROUGH     144
  -3.70E+00           -2.36E+00           -1.02E+00 WRES       3.20E-01            1.66E+00            3.00E+00
          .                   .                   .                   .                   .                   .
          .         .         .         .         .         .         .         .         .         .         .
 -1.00E+00. . . . . . . . . . . . . . . . . . . . . . . . . . . ... . . . . . . . . . . . . . . . . . . . . . .
          .                                                      .                                            .
          .*                                                     *                                            .
          .                                                      .                                          * .
          .                                                      .         *                                  .
          .                                                      .                                            .
          .                                                      .  *                                         .
          .                                                      .                                            .
          .                                                      .                                            .
          .                                            *         .                                            .
  4.20E+00.                                                      .                                            ..
          .                                                      .                                            .
          .                                               *      .                                            .
          .                                                      .                                            .
          .                                                      .                                            .
          .                                                      .*                                           .
          .                                                      .                                            .
          .                                                      .                                            .
          .                                                      .                                            .
          .                                                      .*                                           .
  9.40E+00.                                                      .                                            ..
          .                                                      .                                            .
          .                                                      .                                            .
          .                                                      .                                            .
          .                                                      .                                            .
TIME      .                                           *          .                                            .
          .                                                      .                                            .
          .                                                      .                                            .
          .                                                      .                                            .
          .                                                      .                                            .
  1.46E+01.                                                      .                                            ..
          .                                                      .                                            .
          .                                                      .                                            .
          .                                                      .                                            .
          .                                                      .                                            .
          .                                                      .                                            .
          .                                                      .                                            .
          .                                                      .                                            .
          .                                                      .                                            .
          .                                                      .                                            .
  1.98E+01.                                                      .                                            ..
          .                                                      .                                            .
          .                                                      .                                            .
          .                                                      .                                            .
          .                                                      .                                            .
          .                                                      .                                            .
          .                                                      .                                            .
          .                                                      .                                            .
          .                                                      .                                            .
          .                                               *      .                                            .
  2.50E+01. . . . . . . . . . . . . . . . . . . . . . . . . . . ... . . . . . . . . . . . . . . . . . . . . . .
          .         .         .         .         .         .         .         .         .         .         .
1       WRES VS. TIME
+                               POINTS ARE ONLY FOR
+                                                   - ID =  3.00E+00
+                                                                                                   DATA RECS.       1 THROUGH     144
  -7.00E-01           -4.60E-01           -2.20E-01 WRES       2.00E-02            2.60E-01            5.00E-01
          .                   .                   .                   .                   .                   .
          .         .         .         .         .         .         .         .         .         .         .
 -1.00E+00. . . . . . . . . . . . . . . . . . . . . . . . . . . . . . . . . . . . . . . . . . . . . . . . . . .
          .                                                         .                                         .
          .                                          *              *                                         .
          .                                                  *      .                                         .
          .                                                         .    *                                    .
          .                                                         .                                         .
          .        *                                                .                                         .
          .                                                         .                                         .
          .                                                         .                                         .
          .                                                         .                                   *     .
  4.20E+00.                                                         .                                         ..
          .                                                         .                                         .
          .                          *                              .                                         .
          .                                                         .                                         .
          .                                                         .                                         .
          .                                                         .                                         .
          .                                *                        .                                         .
          .                                                         .                                         .
          .                                                         .                                         .
          .                                                         .                          *              .
  9.40E+00.                                                         .                                         ..
          .                                                         .                                         .
          .                                                         .                                         .
          .                                                         .                                         .
          .                                                         .                                         .
TIME      .                                                         .      *                                  .
          .                                                         .                                         .
          .                                                         .                                         .
          .                                                         .                                         .
          .                                                         .                                         .
  1.46E+01.                                                         .                                         ..
          .                                                         .                                         .
          .                                                         .                                         .
          .                                                         .                                         .
          .                                                         .                                         .
          .                                                         .                                         .
          .                                                         .                                         .
          .                                                         .                                         .
          .                                                         .                                         .
          .                                                         .                                         .
  1.98E+01.                                                         .                                         ..
          .                                                         .                                         .
          .                                                         .                                         .
          .                                                         .                                         .
          .                                                         .                                         .
          .                                                         .                                         .
          .                                                         .                                         .
          .                                                         .                                         .
          .            *                                            .                                         .
          .                                                         .                                         .
  2.50E+01. . . . . . . . . . . . . . . . . . . . . . . . . . . . . . . . . . . . . . . . . . . . . . . . . . .
          .         .         .         .         .         .         .         .         .         .         .
1       WRES VS. TIME
+                               POINTS ARE ONLY FOR
+                                                   - ID =  4.00E+00
+                                                                                                   DATA RECS.       1 THROUGH     144
  -1.70E+00           -9.80E-01           -2.60E-01 WRES       4.60E-01            1.18E+00            1.90E+00
          .                   .                   .                   .                   .                   .
          .         .         .         .         .         .         .         .         .         .         .
 -1.00E+00. . . . . . . . . . . . . . . . . . . . . . . ... . . . . . . . . . . . . . . . . . . . . . . . . . .
          .                                              .                                                    .
          . *                                            *                                                    .
          .                          *                   .                                                    .
          .                                              .                                                  * .
          .                                              .                                                    .
          .                                              *                                                    .
          .                                              .                                                    .
          .                                        *     .                                                    .
          .                                              .                                                    .
  4.40E+00.                                              .                                                    ..
          .                                              . *                                                  .
          .                                              .                                                    .
          .                                              .                                                    .
          .                                              .                                                    .
          .                                          *   .                                                    .
          .                                              .                                                    .
          .                                              .                                                    .
          .                                              .                                                    .
          .                                              .            *                                       .
  9.80E+00.                                              .                                                    ..
          .                                              .                                                    .
          .                                              .                                                    .
          .                                              .                                                    .
          .                                              .       *                                            .
TIME      .                                              .                                                    .
          .                                              .                                                    .
          .                                              .                                                    .
          .                                              .                                                    .
          .                                              .                                                    .
  1.52E+01.                                              .                                                    ..
          .                                              .                                                    .
          .                                              .                                                    .
          .                                              .                                                    .
          .                                              .                                                    .
          .                                              .                                                    .
          .                                              .                                                    .
          .                                              .                                                    .
          .                                              .                                                    .
          .                                              .                                                    .
  2.06E+01.                                              .                                                    ..
          .                                              .                                                    .
          .                                              .                                                    .
          .                                              .                                                    .
          .                                              .                                                    .
          .                                              .                                                    .
          .                                              .                                                    .
          .                                              .                                                    .
          .                              *               .                                                    .
          .                                              .                                                    .
  2.60E+01. . . . . . . . . . . . . . . . . . . . . . . ... . . . . . . . . . . . . . . . . . . . . . . . . . .
          .         .         .         .         .         .         .         .         .         .         .
1       WRES VS. TIME
+                               POINTS ARE ONLY FOR
+                                                   - ID =  5.00E+00
+                                                                                                   DATA RECS.       1 THROUGH     144
  -2.60E+00           -1.32E+00           -4.00E-02 WRES       1.24E+00            2.52E+00            3.80E+00
          .                   .                   .                   .                   .                   .
          .         .         .         .         .         .         .         .         .         .         .
 -1.00E+00. . . . . . . . . . . . . . . . . . . . ... . . . . . . . . . . . . . . . . . . . . . . . . . . . . .
          .                                        .                                                          .
          . *                                      *                                                          .
          .                               *        .                                                          .
          .                                        .                                                        * .
          .                                        .                                                          .
          .                 *                      .                                                          .
          .                                        .                                                          .
          .                                        .                                                          .
          .                            *           .                                                          .
  4.20E+00.                                        .                                                          ..
          .                                        .                                                          .
          .                         *              .                                                          .
          .                                        .                                                          .
          .                                        .                                                          .
          .                                        .    *                                                     .
          .                                        .                                                          .
          .                                        .                                                          .
          .                                        .                                                          .
          .                                        . *                                                        .
  9.40E+00.                                        .                                                          ..
          .                                        .                                                          .
          .                                        .                                                          .
          .                                        .                                                          .
          .                                        .                                                          .
TIME      .                                   *    .                                                          .
          .                                        .                                                          .
          .                                        .                                                          .
          .                                        .                                                          .
          .                                        .                                                          .
  1.46E+01.                                        .                                                          ..
          .                                        .                                                          .
          .                                        .                                                          .
          .                                        .                                                          .
          .                                        .                                                          .
          .                                        .                                                          .
          .                                        .                                                          .
          .                                        .                                                          .
          .                                        .                                                          .
          .                                        .                                                          .
  1.98E+01.                                        .                                                          ..
          .                                        .                                                          .
          .                                        .                                                          .
          .                                        .                                                          .
          .                                        .                                                          .
          .                                        .                                                          .
          .                                        .                                                          .
          .                                        .                                                          .
          .                                        .                                                          .
          .                                      * .                                                          .
  2.50E+01. . . . . . . . . . . . . . . . . . . . ... . . . . . . . . . . . . . . . . . . . . . . . . . . . . .
          .         .         .         .         .         .         .         .         .         .         .
1       WRES VS. TIME
+                               POINTS ARE ONLY FOR
+                                                   - ID =  6.00E+00
+                                                                                                   DATA RECS.       1 THROUGH     144
  -1.30E+00           -9.00E-01           -5.00E-01 WRES      -1.00E-01            3.00E-01            7.00E-01
          .                   .                   .                   .                   .                   .
          .         .         .         .         .         .         .         .         .         .         .
 -1.00E+00. . . . . . . . . . . . . . . . . . . . . . . . . . . . . . . . ... . . . . . . . . . . . . . . . . .
          .                                                                .                                  .
          .                                *                               *                                  .
          .*                                                               .                                  .
          .                                                                .                                * .
          .                                                                .                                  .
          .                                              *                 .                                  .
          .                                                                .                                  .
          .                                                                .                                  .
          .                                   *                            .                                  .
  4.20E+00.                                                                .                                  ..
          .                                                                .                                  .
          .                                         *                      .                                  .
          .                                                                .                                  .
          .                                                                .                                  .
          .                                 *                              .                                  .
          .                                                                .                                  .
          .                                                                .                                  .
          .                                                                .                                  .
          .                                                                .                                  .
  9.40E+00.                                                *               .                                  ..
          .                                                                .                                  .
          .                                                                .                                  .
          .                                                                .                                  .
          .                                                                .                                  .
TIME      .                                                         *      .                                  .
          .                                                                .                                  .
          .                                                                .                                  .
          .                                                                .                                  .
          .                                                                .                                  .
  1.46E+01.                                                                .                                  ..
          .                                                                .                                  .
          .                                                                .                                  .
          .                                                                .                                  .
          .                                                                .                                  .
          .                                                                .                                  .
          .                                                                .                                  .
          .                                                                .                                  .
          .                                                                .                                  .
          .                                                                .                                  .
  1.98E+01.                                                                .                                  ..
          .                                                                .                                  .
          .                                                                .                                  .
          .                                                                .                                  .
          .                                                                .                                  .
          .                                                                .                                  .
          .                                                                .                                  .
          .                                                                .                                  .
          .                                                     *          .                                  .
          .                                                                .                                  .
  2.50E+01. . . . . . . . . . . . . . . . . . . . . . . . . . . . . . . . ... . . . . . . . . . . . . . . . . .
          .         .         .         .         .         .         .         .         .         .         .
1       WRES VS. TIME
+                               POINTS ARE ONLY FOR
+                                                   - ID =  7.00E+00
+                                                                                                   DATA RECS.       1 THROUGH     144
  -1.80E+00           -1.24E+00           -6.80E-01 WRES      -1.20E-01            4.40E-01            1.00E+00
          .                   .                   .                   .                   .                   .
          .         .         .         .         .         .         .         .         .         .         .
 -1.00E+00. . . . . . . . . . . . . . . . . . . . . . . . . . . . . . . . . . . . . . . . . . . . . . . . . . .
          .                                                               .                                   .
          .                                                             * .        *                          .
          .                            *                                  .                                   .
          . *                                                             .                                   .
          .                                                               .                                   .
          .              *                                                .                                   .
          .                                                               .                                   .
          .                                                               .                                   .
          .                                                               .             *                     .
  4.20E+00.                                                               .                                   ..
          .                                                               .                                   .
          .                                                               .                               *   .
          .                                                               .                                   .
          .                                                               .                                   .
          .                                                               .*                                  .
          .                                                               .                                   .
          .                                                               .                                   .
          .                                                               .                                   .
          .                                                          *    .                                   .
  9.40E+00.                                                               .                                   ..
          .                                                               .                                   .
          .                                                               .                                   .
          .                                                               .                                   .
          .                                                               .                                   .
TIME      .                                                              *.                                   .
          .                                                               .                                   .
          .                                                               .                                   .
          .                                                               .                                   .
          .                                                               .                                   .
  1.46E+01.                                                               .                                   ..
          .                                                               .                                   .
          .                                                               .                                   .
          .                                                               .                                   .
          .                                                               .                                   .
          .                                                               .                                   .
          .                                                               .                                   .
          .                                                               .                                   .
          .                                                               .                                   .
          .                                                               .                                   .
  1.98E+01.                                                               .                                   ..
          .                                                               .                                   .
          .                                                               .                                   .
          .                                                               .                                   .
          .                                                               .                                   .
          .                                                               .                                   .
          .                                                               .                                   .
          .                                                               .                                   .
          .                                                               .                                   .
          .                                                  *            .                                   .
  2.50E+01. . . . . . . . . . . . . . . . . . . . . . . . . . . . . . . . . . . . . . . . . . . . . . . . . . .
          .         .         .         .         .         .         .         .         .         .         .
1       WRES VS. TIME
+                               POINTS ARE ONLY FOR
+                                                   - ID =  8.00E+00
+                                                                                                   DATA RECS.       1 THROUGH     144
  -2.70E+00           -1.96E+00           -1.22E+00 WRES      -4.80E-01            2.60E-01            1.00E+00
          .                   .                   .                   .                   .                   .
          .         .         .         .         .         .         .         .         .         .         .
 -1.00E+00. . . . . . . . . . . . . . . . . . . . . . . . . . . . . . . . . . . . ... . . . . . . . . . . . . .
          .                                                                        .                          .
          .                                                                        *                         *.
          . *                                                                      .                          .
          .                                                                        .                    *     .
          .                                                                        .                          .
          .                                                                       *.                          .
          .                                                                        .                          .
          .                                                                        .                          .
          .                                                              *         .                          .
  4.20E+00.                                                                        .                          ..
          .                                                                        .                          .
          .                                                                  *     .                          .
          .                                                                        .                          .
          .                                                                        .                          .
          .                                                                        .                          .
          .                                                         *              .                          .
          .                                                                        .                          .
          .                                                                        .                          .
          .                                                                        .         *                .
  9.40E+00.                                                                        .                          ..
          .                                                                        .                          .
          .                                                                        .                          .
          .                                                                        .                          .
          .                                                                        .                          .
TIME      .                                                        *               .                          .
          .                                                                        .                          .
          .                                                                        .                          .
          .                                                                        .                          .
          .                                                                        .                          .
  1.46E+01.                                                                        .                          ..
          .                                                                        .                          .
          .                                                                        .                          .
          .                                                                        .                          .
          .                                                                        .                          .
          .                                                                        .                          .
          .                                                                        .                          .
          .                                                                        .                          .
          .                                                                        .                          .
          .                                                                        .                          .
  1.98E+01.                                                                        .                          ..
          .                                                                        .                          .
          .                                                                        .                          .
          .                                                                        .                          .
          .                                                                        .                          .
          .                                                                        .                          .
          .                                                                        .                          .
          .                                                                        .                          .
          .                                                                        *                          .
          .                                                                        .                          .
  2.50E+01. . . . . . . . . . . . . . . . . . . . . . . . . . . . . . . . . . . . ... . . . . . . . . . . . . .
          .         .         .         .         .         .         .         .         .         .         .
1       WRES VS. TIME
+                               POINTS ARE ONLY FOR
+                                                   - ID =  9.00E+00
+                                                                                                   DATA RECS.       1 THROUGH     144
  -8.00E-01           -2.80E-01            2.40E-01 WRES       7.60E-01            1.28E+00            1.80E+00
          .                   .                   .                   .                   .                   .
          .         .         .         .         .         .         .         .         .         .         .
 -1.00E+00. . . . . . . . . . . . . . . ... . . . . . . . . . . . . . . . . . . . . . . . . . . . . . . . . . .
          .                              .                                                                    .
          .                              *                                          *                         .
          .                              .                                                               *    .
          .   *                          .                                                                    .
          .                              .                                                                    .
          .                       *      .                                                                    .
          .                              .                                                                    .
          .                              .                                                                    .
          .                              . *                                                                  .
  4.20E+00.                              .                                                                    ..
          .                              .                                                                    .
          .                              .                                       *                            .
          .                              .                                                                    .
          .                              .                                                                    .
          .                              .                                                                    .
          .                             *.                                                                    .
          .                              .                                                                    .
          .                              .                                                                    .
          .                              .                    *                                               .
  9.40E+00.                              .                                                                    ..
          .                              .                                                                    .
          .                              .                                                                    .
          .                              .                                                                    .
          .                              .      *                                                             .
TIME      .                              .                                                                    .
          .                              .                                                                    .
          .                              .                                                                    .
          .                              .                                                                    .
          .                              .                                                                    .
  1.46E+01.                              .                                                                    ..
          .                              .                                                                    .
          .                              .                                                                    .
          .                              .                                                                    .
          .                              .                                                                    .
          .                              .                                                                    .
          .                              .                                                                    .
          .                              .                                                                    .
          .                              .                                                                    .
          .                              .                                                                    .
  1.98E+01.                              .                                                                    ..
          .                              .                                                                    .
          .                              .                                                                    .
          .                              .                                                                    .
          .                              .                                                                    .
          .                              .                                                                    .
          .                              .                                                                    .
          .                              .                                                                    .
          .                              .                                                                    .
          .                             *.                                                                    .
  2.50E+01. . . . . . . . . . . . . . . ... . . . . . . . . . . . . . . . . . . . . . . . . . . . . . . . . . .
          .         .         .         .         .         .         .         .         .         .         .
1       WRES VS. TIME
+                               POINTS ARE ONLY FOR
+                                                   - ID =  1.00E+01
+                                                                                                   DATA RECS.       1 THROUGH     144
  -2.90E+00           -1.92E+00           -9.40E-01 WRES       4.00E-02            1.02E+00            2.00E+00
          .                   .                   .                   .                   .                   .
          .         .         .         .         .         .         .         .         .         .         .
 -1.00E+00. . . . . . . . . . . . . . . . . . . . . . . . . . . . . ... . . . . . . . . . . . . . . . . . . . .
          .                                                          .                                        .
          .                                                          .       *                                .
          .                        *                                 .            *                           .
          .             *                                            .                                        .
          .                                                          .                                        .
          . *                                                        .                                        .
          .                                                          .                                        .
          .                                                          .                                        .
          .                                                          .                                       *.
  4.20E+00.                                                          .                                        ..
          .                                                          .                                        .
          .                                                          .                              *         .
          .                                                          .                                        .
          .                                                          .                                        .
          .                                                          .                                        .
          .                                                          .                       *                .
          .                                                          .                                        .
          .                                                          .                                        .
          .                                                          .                                        .
  9.40E+00.                                                          .                         *              ..
          .                                                          .                                        .
          .                                                          .                                        .
          .                                                          .                                        .
          .                                                          .                                        .
TIME      .                                                          .         *                              .
          .                                                          .                                        .
          .                                                          .                                        .
          .                                                          .                                        .
          .                                                          .                                        .
  1.46E+01.                                                          .                                        ..
          .                                                          .                                        .
          .                                                          .                                        .
          .                                                          .                                        .
          .                                                          .                                        .
          .                                                          .                                        .
          .                                                          .                                        .
          .                                                          .                                        .
          .                                                          .                                        .
          .                                                          .                                        .
  1.98E+01.                                                          .                                        ..
          .                                                          .                                        .
          .                                                          .                                        .
          .                                                          .                                        .
          .                                                          .                                        .
          .                                                          .                                        .
          .                                                          .                                        .
          .                                                          .                                        .
          .                                                     *    .                                        .
          .                                                          .                                        .
  2.50E+01. . . . . . . . . . . . . . . . . . . . . . . . . . . . . ... . . . . . . . . . . . . . . . . . . . .
          .         .         .         .         .         .         .         .         .         .         .
1       WRES VS. TIME
+                               POINTS ARE ONLY FOR
+                                                   - ID =  1.10E+01
+                                                                                                   DATA RECS.       1 THROUGH     144
  -1.10E+00           -8.00E-01           -5.00E-01 WRES      -2.00E-01            1.00E-01            4.00E-01
          .                   .                   .                   .                   .                   .
          .         .         .         .         .         .         .         .         .         .         .
 -1.00E+00. . . . . . . . . . . . . . . . . . . . . . . . . . . . . . . . . . . . ... . . . . . . . . . . . . .
          .                                                                        .                          .
          .                                                         *              *                          .
          .                                                                        .                     *    .
          .                                                                        .     *                    .
          .                                                                        .                          .
          .     *                                                                  .                          .
          .                                                                        .                          .
          .                                                                        .                          .
          .               *                                                        .                          .
  4.20E+00.                                                                        .                          ..
          .                                                                        .                          .
          .                              *                                         .                          .
          .                                                                        .                          .
          .                                                                        .                          .
          .                                                 *                      .                          .
          .                                                                        .                          .
          .                                                                        .                          .
          .                                                                        .                          .
          .                                             *                          .                          .
  9.40E+00.                                                                        .                          ..
          .                                                                        .                          .
          .                                                                        .                          .
          .                                                                        .                          .
          .                                                                        .                          .
TIME      .                                                  *                     .                          .
          .                                                                        .                          .
          .                                                                        .                          .
          .                                                                        .                          .
          .                                                                        .                          .
  1.46E+01.                                                                        .                          ..
          .                                                                        .                          .
          .                                                                        .                          .
          .                                                                        .                          .
          .                                                                        .                          .
          .                                                                        .                          .
          .                                                                        .                          .
          .                                                                        .                          .
          .                                                                        .                          .
          .                                                                        .                          .
  1.98E+01.                                                                        .                          ..
          .                                                                        .                          .
          .                                                                        .                          .
          .                                                                        .                          .
          .                                                                        .                          .
          .                                                                        .                          .
          .                                                                        .                          .
          .                                                                        .                          .
          .                                                                  *     .                          .
          .                                                                        .                          .
  2.50E+01. . . . . . . . . . . . . . . . . . . . . . . . . . . . . . . . . . . . ... . . . . . . . . . . . . .
          .         .         .         .         .         .         .         .         .         .         .
1       WRES VS. TIME
+                               POINTS ARE ONLY FOR
+                                                   - ID =  1.20E+01
+                                                                                                   DATA RECS.       1 THROUGH     144
  -1.20E+00           -7.00E-01           -2.00E-01 WRES       3.00E-01            8.00E-01            1.30E+00
          .                   .                   .                   .                   .                   .
          .         .         .         .         .         .         .         .         .         .         .
 -1.00E+00. . . . . . . . . . . . . . . . . . . . . . . . . . . . . . . . . . . . . . . . . . . . . . . . . . .
          .                                               .                                                   .
          .                 *                             *                                                   .
          .                *                              .                                                   .
          .                      *                        .                                                   .
          .                                               .                                                   .
          .                                        *      .                                                   .
          .                                               .                                                   .
          .                                               .                                                   .
          .                                               .                                               *   .
  4.20E+00.                                               .                                                   ..
          .                                               .                                                   .
          .                                               .                                    *              .
          .                                               .                                                   .
          .                                               .                                                   .
          .                                               .                                                   .
          .                              *                .                                                   .
          .                                               .                                                   .
          .                                               .                                                   .
          .                                               .            *                                      .
  9.40E+00.                                               .                                                   ..
          .                                               .                                                   .
          .                                               .                                                   .
          .                                               .                                                   .
          .                                               .                                                   .
TIME      .                                        *      .                                                   .
          .                                               .                                                   .
          .                                               .                                                   .
          .                                               .                                                   .
          .                                               .                                                   .
  1.46E+01.                                               .                                                   ..
          .                                               .                                                   .
          .                                               .                                                   .
          .                                               .                                                   .
          .                                               .                                                   .
          .                                               .                                                   .
          .                                               .                                                   .
          .                                               .                                                   .
          .                                               .                                                   .
          .                                               .                                                   .
  1.98E+01.                                               .                                                   ..
          .                                               .                                                   .
          .                                               .                                                   .
          .                                               .                                                   .
          .                                               .                                                   .
          .                                               .                                                   .
          .                                               .                                                   .
          .                                               .                                                   .
          .    *                                          .                                                   .
          .                                               .                                                   .
  2.50E+01. . . . . . . . . . . . . . . . . . . . . . . . . . . . . . . . . . . . . . . . . . . . . . . . . . .
          .         .         .         .         .         .         .         .         .         .         .
 Elapsed finaloutput time in seconds:     0.02
 #CPUT: Total CPU Time in Seconds,        0.113
Stop Time:
Sat Jun  6 12:30:59 UTC 2026
